Bruises,Odor,GillSize,ColorAbove,SporeColor,Class
t,p,n,w,k,p
t,a,b,w,n,e
t,l,b,w,n,e
t,p,n,w,k,p
f,n,b,w,n,e
t,a,b,w,k,e
t,a,b,w,k,e
t,l,b,w,n,e
t,p,n,w,k,p
t,a,b,w,k,e
t,l,b,w,n,e
t,a,b,w,k,e
t,a,b,w,n,e
t,p,n,w,n,p
f,n,b,w,k,e
f,n,n,w,n,e
f,n,b,w,n,e
t,p,n,w,k,p
t,p,n,w,n,p
t,p,n,w,n,p
t,a,b,w,n,e
t,p,n,w,n,p
t,l,b,w,n,e
t,a,b,w,n,e
t,l,b,w,k,e
t,p,n,w,n,p
t,a,b,w,n,e
t,l,b,w,n,e
f,n,n,w,k,e
t,a,n,w,n,e
t,l,b,w,n,e
t,p,n,w,n,p
t,l,b,w,n,e
t,l,b,w,n,e
t,l,b,w,n,e
t,l,n,w,n,e
f,n,n,w,k,e
t,p,n,w,n,p
t,a,n,w,n,e
t,l,b,w,k,e
t,a,b,w,n,e
t,l,b,w,k,e
f,n,n,w,k,e
t,p,n,w,n,p
t,a,b,w,k,e
t,a,b,w,n,e
t,l,b,w,k,e
t,l,b,w,n,e
t,l,b,w,n,e
t,l,b,w,k,e
t,a,b,w,k,e
t,l,b,w,k,e
t,l,b,w,n,e
t,p,n,w,n,p
t,p,n,w,k,p
t,a,b,w,k,e
f,n,b,w,n,e
t,a,b,w,n,e
t,l,b,w,k,e
t,a,b,w,k,e
f,n,n,w,n,e
t,a,b,w,n,e
t,l,b,w,n,e
t,l,b,w,n,e
t,l,b,w,n,e
f,n,b,w,k,e
t,l,b,w,k,e
t,a,b,w,n,e
t,a,b,w,k,e
f,n,n,w,n,e
t,l,n,w,n,e
t,l,b,w,n,e
t,l,n,w,n,e
t,a,b,w,k,e
t,a,b,w,k,e
t,l,n,w,n,e
t,l,n,w,u,e
t,l,b,w,n,e
t,p,n,w,n,p
t,a,b,w,n,e
f,n,b,w,n,e
t,p,n,w,k,p
f,n,n,w,n,e
f,n,b,w,n,e
t,l,b,w,k,e
f,n,b,w,k,e
t,a,b,w,k,e
t,l,b,w,n,e
t,l,b,w,k,e
f,n,n,w,n,e
f,n,n,w,n,e
t,l,b,w,k,e
t,a,b,w,k,e
t,l,b,w,k,e
f,n,b,w,n,e
t,a,b,w,n,e
t,l,b,w,n,e
t,a,b,w,k,e
t,a,b,w,n,e
t,a,b,w,k,e
f,n,b,w,k,e
t,l,b,w,k,e
t,l,b,w,n,e
t,a,b,w,k,e
t,l,b,w,n,e
t,a,b,w,k,e
t,a,b,w,n,e
t,l,b,w,k,e
t,a,b,w,n,e
t,a,b,w,k,e
t,l,b,w,k,e
f,n,n,w,k,e
t,a,n,w,u,e
t,a,b,w,k,e
t,p,n,w,n,p
t,l,b,w,n,e
f,n,n,w,n,e
t,l,b,w,k,e
t,l,n,w,u,e
f,n,n,w,n,e
t,p,n,w,k,p
t,a,b,w,n,e
t,p,n,w,k,p
f,n,b,w,n,e
t,l,b,w,n,e
f,n,b,w,k,e
t,a,b,w,n,e
f,n,b,w,n,e
t,l,b,w,k,e
t,l,b,w,n,e
t,l,b,w,n,e
t,l,b,w,n,e
t,l,n,w,u,e
t,l,b,w,k,e
t,a,n,w,n,e
t,p,n,w,n,p
t,l,n,w,n,e
t,a,b,w,n,e
t,p,n,w,n,p
t,l,b,w,n,e
t,a,b,w,k,e
t,l,b,w,k,e
f,n,n,w,n,e
t,a,b,w,k,e
t,a,b,w,k,e
f,n,b,w,k,e
f,n,b,w,n,e
t,l,b,w,n,e
t,l,b,w,k,e
t,a,b,w,k,e
t,a,b,w,n,e
f,n,b,w,n,e
t,l,b,w,n,e
f,n,n,w,k,e
t,a,n,w,u,e
t,l,b,w,k,e
t,a,b,w,n,e
t,a,b,w,n,e
t,a,b,w,k,e
t,a,b,w,k,e
t,l,b,w,k,e
t,a,b,w,k,e
f,n,n,w,n,e
t,l,b,w,n,e
t,a,b,w,n,e
t,l,b,w,n,e
t,a,b,w,n,e
t,a,b,w,k,e
t,l,b,w,k,e
t,a,b,w,k,e
f,n,n,w,n,e
t,l,b,w,n,e
t,l,n,w,u,e
t,a,b,w,k,e
t,l,b,w,n,e
t,l,b,w,k,e
t,a,b,w,k,e
t,a,b,w,n,e
t,l,b,w,n,e
t,l,b,w,n,e
t,p,n,w,n,p
f,n,n,w,n,e
f,n,n,w,k,e
t,a,b,w,n,e
t,a,b,w,k,e
t,p,n,w,k,p
t,l,b,w,n,e
f,n,n,w,k,e
t,l,b,w,n,e
t,a,b,w,n,e
f,n,b,w,k,e
t,l,n,w,n,e
t,l,b,w,n,e
t,a,n,w,n,e
t,a,b,w,n,e
f,n,n,w,n,e
t,a,b,w,k,e
t,l,b,w,n,e
t,l,b,w,n,e
t,a,n,w,n,e
t,l,b,w,n,e
t,l,b,w,k,e
t,a,b,w,k,e
f,n,b,w,k,e
t,l,b,w,k,e
t,p,n,w,n,p
t,a,b,w,n,e
t,a,b,w,k,e
t,l,b,w,n,e
t,a,b,w,k,e
t,a,b,w,k,e
t,l,b,w,k,e
t,a,n,w,n,e
f,n,n,w,n,e
t,a,b,w,n,e
t,l,b,w,k,e
t,a,b,w,k,e
t,a,b,w,k,e
t,l,b,w,n,e
f,n,n,w,n,e
t,a,b,w,n,e
t,p,n,w,k,p
t,a,b,w,n,e
t,a,n,w,n,e
t,l,b,w,k,e
t,l,b,w,k,e
t,a,b,w,n,e
t,a,b,w,n,e
t,p,n,w,k,p
t,a,b,w,n,e
f,n,n,w,k,e
t,p,n,w,k,p
t,l,b,w,n,e
f,n,n,w,k,e
t,l,b,w,n,e
t,l,n,w,n,e
t,l,b,w,k,e
t,l,b,w,n,e
t,l,b,w,k,e
t,a,b,w,k,e
t,a,b,w,k,e
t,l,b,w,k,e
t,a,b,w,n,e
t,p,n,w,k,p
t,a,n,w,u,e
t,l,b,w,n,e
t,l,n,w,u,e
t,a,b,w,k,e
t,l,b,w,k,e
f,n,b,w,k,e
t,a,b,w,n,e
t,p,n,w,n,p
f,n,n,w,n,e
t,l,b,w,n,e
t,l,b,w,n,e
t,l,b,w,n,e
f,n,n,w,n,e
t,a,b,w,k,e
t,l,b,w,k,e
t,a,b,w,n,e
t,l,b,w,n,e
t,p,n,w,k,p
t,a,b,w,n,e
t,a,b,w,n,e
t,l,n,w,u,e
f,n,n,w,k,e
f,n,b,w,k,e
t,a,b,w,n,e
t,a,b,w,n,e
t,p,n,w,k,p
t,l,b,w,k,e
t,p,n,w,k,p
t,l,b,w,n,e
t,a,b,w,n,e
t,a,b,w,n,e
t,a,b,w,n,e
t,a,b,w,n,e
t,a,b,w,n,e
f,n,b,w,k,e
t,l,b,w,n,e
t,p,n,w,n,p
t,a,b,w,n,e
f,n,n,w,n,e
t,l,b,w,k,e
t,l,b,w,k,e
t,a,b,w,k,e
t,a,b,w,k,e
t,a,b,w,k,e
t,l,b,w,n,e
f,n,n,w,n,e
f,n,n,w,k,e
t,l,b,w,k,e
t,l,b,w,k,e
t,l,b,w,n,e
t,a,b,w,k,e
t,a,b,w,n,e
t,a,b,w,k,e
f,n,b,w,k,e
t,a,n,w,n,e
t,p,n,w,k,p
f,n,b,w,k,e
t,a,b,w,k,e
t,l,n,w,n,e
t,a,b,w,k,e
t,l,b,w,k,e
t,n,b,g,n,e
t,l,b,w,n,e
t,l,b,w,n,e
t,a,b,w,k,e
f,n,b,w,n,e
t,l,b,w,k,e
t,p,n,w,n,p
t,l,b,w,k,e
t,a,n,w,n,e
t,a,b,w,n,e
t,p,n,w,k,p
t,a,n,w,n,e
t,a,b,w,k,e
t,l,n,w,n,e
t,l,n,w,n,e
t,l,b,w,n,e
t,a,n,w,u,e
t,a,b,w,k,e
t,a,b,w,k,e
t,l,b,w,n,e
t,l,b,w,k,e
t,a,b,w,n,e
t,p,n,w,n,p
t,l,b,w,k,e
t,a,b,w,k,e
t,p,n,w,k,p
t,l,b,w,k,e
t,l,b,w,n,e
t,a,b,w,k,e
t,l,b,w,n,e
t,n,b,p,k,e
t,a,b,w,k,e
t,l,b,w,n,e
f,n,n,w,n,e
t,l,b,w,k,e
t,a,b,w,n,e
t,a,b,w,k,e
t,a,b,w,k,e
t,a,n,w,n,e
t,l,b,w,n,e
f,n,b,w,n,e
t,l,n,w,n,e
t,a,b,w,n,e
f,n,b,w,k,e
f,n,n,w,n,e
f,n,b,w,n,e
t,a,b,w,n,e
t,a,b,w,n,e
t,a,b,w,k,e
t,l,b,w,k,e
f,n,n,w,n,e
t,a,b,w,n,e
t,p,n,w,k,p
t,a,b,w,n,e
t,a,b,w,n,e
f,n,b,w,n,e
f,n,b,w,k,e
f,n,b,w,k,e
t,a,b,w,n,e
t,a,b,w,k,e
f,n,n,w,k,e
t,a,b,w,n,e
t,a,n,w,u,e
t,a,b,w,n,e
f,n,b,w,k,e
t,a,b,w,n,e
t,l,b,w,k,e
t,a,b,w,k,e
f,n,n,w,n,e
t,a,b,w,k,e
t,l,b,w,k,e
f,n,n,w,k,e
t,l,b,w,n,e
t,l,b,w,n,e
t,a,b,w,n,e
t,p,n,w,k,p
f,n,b,w,n,e
t,a,b,w,k,e
t,a,b,w,n,e
t,n,b,g,n,e
t,p,n,w,n,p
t,l,b,w,k,e
f,n,b,w,k,e
t,l,b,w,k,e
t,a,b,w,n,e
t,a,b,w,n,e
t,l,b,w,k,e
t,a,b,w,n,e
f,n,n,w,n,e
t,a,b,w,k,e
f,n,b,w,n,e
t,l,b,w,n,e
t,l,b,w,n,e
f,n,n,w,k,e
t,p,n,w,n,p
t,l,b,w,n,e
t,a,b,w,k,e
t,p,n,w,n,p
t,l,b,w,n,e
t,l,b,w,n,e
t,l,b,w,k,e
t,l,b,w,n,e
t,a,b,w,n,e
t,a,b,w,k,e
t,l,b,w,n,e
t,a,b,w,n,e
f,n,b,w,k,e
t,l,b,w,n,e
t,l,b,w,k,e
t,p,n,w,k,p
t,a,b,w,n,e
t,l,n,w,u,e
t,p,n,w,k,p
t,l,b,w,k,e
f,n,b,w,n,e
t,l,b,w,k,e
t,a,b,w,n,e
t,p,n,w,n,p
t,l,b,w,k,e
t,l,b,w,n,e
t,a,n,w,n,e
t,a,b,w,n,e
t,a,b,w,n,e
f,n,b,w,k,e
f,n,n,w,n,e
t,a,b,w,n,e
t,l,b,w,n,e
t,l,b,w,n,e
t,l,b,w,k,e
t,l,n,w,n,e
t,a,b,w,k,e
t,a,n,w,u,e
t,l,b,w,n,e
t,l,b,w,n,e
t,a,b,w,n,e
t,l,b,w,k,e
t,l,b,w,k,e
t,a,b,w,k,e
t,l,b,w,k,e
t,l,b,w,k,e
t,l,b,w,k,e
t,l,b,w,n,e
t,l,b,w,k,e
t,l,b,w,k,e
t,n,b,g,n,e
t,l,b,w,n,e
t,l,b,w,k,e
t,l,b,w,k,e
t,l,n,w,n,e
t,l,b,w,n,e
f,n,b,w,k,e
t,a,b,w,n,e
t,l,b,w,k,e
t,a,b,w,k,e
t,a,b,w,n,e
t,a,b,w,n,e
t,l,b,w,n,e
t,a,b,w,k,e
t,a,b,w,n,e
f,n,n,w,k,e
t,a,b,w,n,e
t,a,b,w,k,e
t,l,b,w,k,e
t,l,b,w,k,e
t,a,b,w,n,e
t,l,b,w,k,e
t,a,b,w,k,e
t,a,n,w,u,e
f,n,n,w,k,e
t,l,n,w,n,e
f,n,n,w,k,e
f,n,n,w,n,e
t,a,b,w,n,e
t,a,n,w,n,e
t,l,b,w,k,e
t,a,b,w,k,e
t,l,b,w,k,e
t,l,n,w,u,e
f,n,n,w,k,e
t,a,n,w,n,e
t,a,b,w,k,e
t,l,b,w,n,e
f,n,n,w,n,e
t,l,b,w,k,e
t,a,b,w,k,e
t,a,n,w,u,e
t,p,n,w,n,p
t,p,n,w,n,p
t,l,b,w,n,e
t,a,b,w,k,e
t,a,b,w,n,e
f,n,b,w,n,e
t,a,b,w,n,e
t,a,b,w,n,e
t,l,b,w,k,e
t,a,b,w,n,e
t,a,b,w,k,e
t,l,b,w,k,e
t,a,b,w,k,e
t,a,b,w,n,e
t,p,n,w,n,p
f,n,b,w,n,e
f,n,b,w,n,e
t,a,n,w,n,e
f,n,n,w,n,e
f,n,n,w,n,e
t,a,b,w,k,e
t,a,n,w,u,e
f,n,n,w,n,e
f,n,n,w,n,e
f,n,b,w,n,e
t,l,b,w,k,e
t,a,b,w,k,e
t,l,b,w,k,e
t,a,b,w,n,e
t,l,b,w,k,e
t,l,b,w,k,e
t,a,b,w,n,e
t,p,n,w,n,p
f,n,n,w,k,e
t,l,b,w,n,e
t,a,b,w,n,e
t,a,b,w,n,e
f,n,n,w,k,e
t,a,b,w,n,e
t,a,b,w,n,e
t,a,b,w,k,e
t,p,n,w,k,p
t,l,b,w,k,e
t,p,n,w,k,p
f,n,b,w,k,e
t,a,b,w,k,e
f,n,n,w,k,e
t,l,b,w,n,e
t,a,n,w,u,e
t,a,b,w,k,e
f,n,b,w,k,e
t,p,n,w,n,p
t,a,b,w,k,e
f,n,b,w,k,e
t,a,b,w,k,e
t,l,b,w,n,e
f,n,n,w,n,e
t,l,n,w,u,e
t,a,b,w,n,e
f,n,n,w,n,e
f,n,b,w,n,e
t,l,b,w,k,e
t,l,n,w,n,e
t,l,b,w,k,e
t,a,b,w,k,e
t,p,n,w,k,p
t,l,n,w,u,e
t,l,b,w,k,e
t,a,b,w,n,e
t,a,b,w,n,e
t,a,n,w,u,e
t,a,n,w,u,e
f,n,b,w,k,e
t,a,b,w,n,e
t,p,n,w,k,p
t,a,b,w,n,e
f,n,b,w,k,e
t,p,n,w,n,p
t,a,b,w,k,e
t,a,b,w,k,e
t,l,n,w,n,e
t,a,b,w,k,e
t,l,b,w,k,e
t,a,b,w,n,e
t,l,b,w,n,e
f,n,n,w,n,e
t,l,b,w,n,e
t,l,b,w,n,e
t,p,n,w,n,p
t,a,b,w,n,e
t,a,b,w,n,e
t,l,b,w,k,e
t,a,b,w,n,e
t,a,b,w,k,e
t,a,b,w,n,e
f,n,n,w,k,e
f,n,n,w,k,e
f,n,n,w,k,e
t,a,b,w,k,e
t,p,n,w,k,p
f,n,b,w,k,e
t,l,b,w,k,e
t,p,n,w,n,p
t,a,b,w,k,e
t,p,n,w,k,p
t,l,b,w,k,e
t,l,b,w,k,e
t,p,n,w,n,p
t,p,n,w,k,p
f,n,b,w,n,e
t,l,b,w,n,e
f,n,b,w,n,e
t,l,b,w,n,e
t,l,b,w,k,e
t,a,b,w,k,e
f,n,b,w,n,e
t,a,b,w,k,e
t,l,b,w,k,e
f,n,n,w,k,e
f,n,b,w,n,e
f,n,b,w,n,e
f,n,b,w,k,e
t,p,n,w,n,p
t,l,b,w,k,e
t,l,b,w,k,e
f,n,b,w,k,e
t,l,b,w,k,e
t,a,b,w,n,e
f,n,n,w,n,e
t,l,b,w,k,e
t,l,b,w,n,e
t,l,n,w,u,e
t,a,b,w,k,e
f,n,n,w,k,e
t,l,b,w,k,e
t,l,n,w,u,e
f,n,n,w,k,e
t,a,b,w,n,e
t,a,b,w,k,e
f,n,b,w,n,e
t,a,b,w,k,e
t,n,b,w,k,e
t,l,b,w,k,e
t,a,b,w,n,e
t,a,b,w,n,e
t,a,b,w,k,e
t,l,b,w,k,e
f,n,b,w,k,e
t,a,b,w,k,e
t,l,b,w,k,e
t,a,b,w,n,e
t,l,b,w,k,e
t,a,b,w,k,e
t,l,b,w,k,e
t,l,n,w,u,e
t,a,b,w,k,e
t,l,b,w,k,e
t,a,b,w,k,e
t,l,n,w,u,e
t,a,b,w,k,e
t,l,b,w,n,e
t,a,b,w,k,e
t,p,n,w,k,p
t,p,n,w,k,p
t,l,b,w,n,e
f,n,b,w,n,e
t,a,b,w,k,e
t,l,b,w,k,e
f,n,n,w,n,e
t,a,b,w,k,e
t,l,b,w,k,e
t,p,n,w,k,p
t,p,n,w,n,p
t,l,b,w,n,e
t,a,b,w,n,e
t,a,b,w,n,e
t,l,b,w,n,e
t,l,b,w,n,e
t,a,b,w,n,e
t,a,b,w,k,e
f,n,n,w,n,e
f,n,b,w,k,e
t,l,n,w,u,e
t,l,b,w,n,e
f,n,n,w,k,e
f,n,n,w,n,e
t,l,b,w,n,e
t,l,b,w,n,e
t,a,b,w,k,e
t,l,n,w,n,e
t,a,b,w,n,e
t,a,n,w,u,e
t,a,b,w,k,e
t,n,b,p,n,e
t,a,b,w,k,e
f,n,n,w,k,e
t,a,b,w,n,e
t,l,b,w,k,e
t,a,b,w,k,e
t,a,b,w,k,e
t,l,b,w,k,e
t,a,b,w,n,e
f,n,b,w,n,e
t,p,n,w,n,p
t,a,b,w,n,e
t,a,b,w,n,e
t,p,n,w,k,p
t,p,n,w,n,p
f,n,b,w,n,e
t,p,n,w,k,p
f,n,b,w,n,e
t,l,b,w,k,e
t,l,b,w,k,e
t,l,b,w,n,e
t,l,b,w,k,e
t,l,b,w,k,e
f,n,n,w,k,e
t,a,b,w,n,e
t,a,b,w,k,e
t,a,b,w,k,e
f,n,b,w,n,e
t,l,b,w,n,e
t,l,b,w,n,e
t,l,b,w,k,e
t,a,b,w,n,e
t,l,b,w,n,e
t,a,b,w,k,e
t,a,b,w,n,e
f,n,n,w,k,e
t,a,b,w,n,e
t,a,b,w,k,e
t,l,n,w,n,e
f,n,b,w,n,e
t,a,b,w,k,e
t,p,n,w,n,p
t,l,b,w,n,e
f,n,b,w,n,e
t,a,b,w,n,e
t,l,b,w,k,e
t,l,b,w,k,e
f,n,b,w,n,e
t,p,n,w,n,p
t,p,n,w,k,p
t,l,b,w,k,e
t,a,b,w,n,e
t,a,n,w,n,e
t,p,n,w,k,p
t,l,b,w,k,e
f,n,n,w,k,e
f,n,n,w,k,e
t,a,b,w,k,e
t,a,b,w,k,e
t,a,b,w,n,e
t,l,b,w,n,e
t,l,b,w,n,e
t,l,b,w,n,e
t,a,b,w,k,e
t,p,n,w,n,p
t,a,n,w,u,e
t,a,b,w,n,e
t,l,b,w,n,e
t,a,n,w,u,e
t,l,b,w,k,e
t,a,b,w,n,e
t,a,b,w,k,e
t,l,b,w,n,e
f,n,b,w,n,e
t,a,b,w,n,e
t,a,b,w,k,e
t,l,b,w,n,e
t,l,b,w,k,e
t,l,b,w,n,e
f,n,n,w,n,e
t,l,b,w,k,e
f,n,b,w,k,e
t,l,n,w,n,e
f,n,n,w,n,e
t,a,b,w,n,e
t,a,b,w,k,e
t,a,b,w,n,e
t,l,b,w,n,e
t,a,b,w,k,e
t,a,n,w,n,e
f,n,b,w,k,e
t,a,b,w,n,e
t,p,n,w,n,p
t,a,b,w,n,e
t,l,b,w,n,e
t,l,b,w,n,e
t,a,b,w,k,e
f,n,n,w,k,e
t,l,b,w,k,e
t,l,b,w,k,e
t,a,b,w,k,e
t,p,n,w,k,p
f,n,n,w,k,e
t,l,b,w,n,e
t,p,n,w,n,p
t,l,b,w,k,e
t,l,b,w,n,e
t,l,b,w,k,e
t,a,b,w,k,e
t,a,b,w,n,e
t,p,n,w,n,p
t,p,n,w,n,p
t,l,b,w,k,e
f,n,b,w,k,e
t,p,n,w,n,p
t,l,b,w,n,e
t,a,b,w,k,e
t,a,b,w,n,e
t,p,n,w,n,p
t,l,b,w,k,e
t,a,b,w,n,e
t,l,b,w,k,e
t,a,b,w,k,e
t,a,b,w,k,e
t,l,b,w,n,e
t,l,n,w,n,e
t,a,b,w,k,e
t,a,b,w,k,e
t,p,n,w,k,p
t,p,n,w,n,p
t,p,n,w,k,p
t,a,b,w,k,e
t,a,b,w,k,e
t,a,b,w,k,e
t,a,n,w,n,e
t,l,b,w,n,e
t,l,b,w,n,e
f,n,n,w,k,e
t,a,b,w,k,e
t,l,b,w,n,e
t,a,b,w,k,e
t,l,b,w,k,e
t,l,n,w,n,e
t,a,n,w,u,e
t,l,b,w,n,e
t,l,n,w,u,e
f,n,n,w,k,e
t,a,n,w,n,e
t,l,b,w,k,e
t,l,b,w,n,e
t,l,b,w,n,e
t,p,n,w,n,p
t,l,b,w,n,e
t,p,n,w,n,p
t,a,b,w,k,e
t,a,b,w,k,e
t,a,n,w,u,e
t,p,n,w,n,p
t,a,b,w,n,e
f,n,n,w,k,e
t,a,b,w,k,e
f,n,b,w,n,e
t,a,b,w,n,e
t,l,b,w,n,e
t,l,b,w,n,e
t,l,n,w,u,e
t,l,b,w,n,e
t,a,b,w,k,e
f,n,n,w,n,e
f,n,b,w,n,e
f,n,n,w,k,e
t,l,b,w,k,e
t,l,n,w,u,e
t,a,b,w,n,e
t,a,b,w,k,e
t,p,n,w,k,p
t,l,b,w,n,e
t,a,b,w,n,e
t,a,b,w,n,e
t,a,b,w,n,e
t,a,b,w,n,e
t,l,b,w,k,e
f,n,n,w,n,e
t,l,b,w,n,e
f,n,n,w,n,e
t,l,b,w,n,e
t,a,b,w,k,e
t,l,b,w,n,e
t,a,b,w,n,e
t,n,b,g,k,e
t,a,b,w,n,e
t,l,b,w,n,e
t,a,b,w,n,e
t,l,b,w,k,e
t,l,b,w,n,e
t,l,b,w,n,e
t,a,n,w,n,e
f,n,b,w,n,e
t,a,b,w,k,e
t,l,b,w,k,e
t,l,b,w,k,e
t,a,n,w,u,e
t,a,b,w,n,e
t,a,b,w,n,e
t,a,b,w,k,e
t,l,b,w,n,e
t,n,b,g,n,e
t,l,b,w,k,e
t,a,b,w,k,e
t,a,b,w,n,e
t,l,b,w,n,e
t,l,b,w,n,e
t,a,b,w,k,e
t,l,b,w,k,e
t,l,b,w,k,e
t,l,b,w,k,e
t,l,b,w,k,e
f,n,b,w,n,e
f,n,b,w,k,e
f,n,b,w,n,e
t,l,b,w,n,e
f,n,b,w,k,e
t,p,n,w,k,p
f,n,b,w,n,e
t,p,n,w,n,p
t,p,n,w,n,p
t,l,b,w,k,e
f,n,b,w,k,e
t,l,b,w,k,e
f,n,b,w,k,e
f,n,b,w,k,e
t,a,b,w,n,e
t,l,b,w,n,e
t,n,b,g,n,e
f,n,b,w,n,e
f,n,b,w,k,e
f,n,b,w,k,e
f,n,b,w,n,e
t,l,b,w,k,e
t,l,n,w,u,e
f,n,b,w,n,e
f,n,b,w,n,e
f,n,b,w,k,e
t,p,n,w,k,p
f,n,n,w,n,e
t,a,b,w,n,e
f,n,b,w,k,e
f,n,b,w,n,e
t,p,n,w,n,p
t,l,b,w,n,e
f,n,n,w,k,e
f,n,b,w,k,e
t,a,b,w,k,e
f,n,b,w,k,e
f,n,b,w,k,e
t,n,b,g,n,e
t,a,b,w,n,e
f,n,b,w,k,e
t,p,n,w,n,p
f,n,b,w,n,e
t,n,b,w,n,e
f,n,b,w,n,e
f,n,b,w,k,e
t,l,b,w,k,e
f,n,b,w,k,e
t,p,n,w,n,p
t,p,n,w,n,p
t,l,b,w,k,e
f,n,b,w,n,e
f,n,b,w,n,e
f,n,b,w,n,e
t,l,b,w,k,e
t,p,n,w,k,p
t,n,b,p,k,e
t,l,n,w,u,e
t,l,b,w,n,e
f,n,b,w,k,e
f,n,b,w,k,e
t,n,b,g,k,e
t,n,b,p,n,e
f,n,b,w,k,e
f,n,b,w,k,e
t,p,n,w,k,p
t,n,b,w,k,e
f,n,b,w,k,e
f,n,b,w,k,e
f,n,b,w,n,e
t,n,b,p,k,e
t,n,b,p,k,e
f,n,b,w,k,e
t,n,b,p,k,e
f,n,b,w,k,e
t,l,b,w,k,e
t,n,b,p,k,e
t,l,b,w,n,e
f,n,b,w,k,e
t,n,b,p,n,e
t,l,b,w,k,e
f,n,b,w,k,e
f,n,b,w,n,e
t,p,n,w,k,p
f,n,b,w,n,e
f,n,b,w,k,e
f,n,b,w,n,e
f,n,b,w,k,e
t,l,b,w,n,e
t,l,b,w,k,e
f,n,b,w,k,e
f,n,b,w,n,e
f,n,n,w,k,e
f,n,b,w,k,e
f,n,b,w,k,e
t,l,b,w,n,e
t,a,n,w,u,e
t,l,b,w,n,e
t,p,n,w,k,p
t,n,b,p,k,e
t,l,b,w,n,e
f,n,b,w,n,e
t,p,n,w,k,p
t,l,b,w,n,e
f,n,b,w,n,e
f,n,b,w,n,e
f,n,b,w,n,e
f,n,b,w,n,e
t,l,b,w,n,e
t,a,b,w,n,e
f,n,b,w,k,e
t,a,b,w,n,e
f,n,b,w,k,e
f,n,b,w,k,e
t,a,n,w,u,e
t,l,b,w,n,e
t,n,b,p,n,e
t,p,n,w,n,p
t,n,b,w,k,e
f,n,b,w,n,e
t,a,b,w,k,e
t,a,b,w,k,e
t,a,b,w,n,e
t,p,n,w,k,p
t,p,n,w,n,p
f,n,n,w,n,e
t,l,n,w,u,e
t,l,b,w,k,e
f,n,b,w,k,e
t,n,b,g,n,e
t,p,n,w,k,p
f,n,b,w,n,e
f,n,b,w,n,e
f,n,b,w,n,e
f,n,b,w,k,e
t,a,b,w,k,e
t,a,n,w,n,e
f,n,n,w,k,e
t,p,n,w,k,p
t,a,b,w,n,e
t,a,b,w,k,e
f,n,b,w,k,e
t,n,b,g,n,e
f,n,b,w,n,e
t,a,b,w,n,e
f,n,b,w,n,e
t,p,n,w,n,p
t,n,b,g,k,e
f,n,b,w,k,e
t,n,b,w,k,e
t,n,b,g,k,e
f,n,b,w,n,e
t,l,b,w,n,e
f,n,b,w,k,e
t,l,b,w,k,e
t,l,n,w,n,e
f,n,b,w,n,e
t,l,b,w,k,e
f,n,b,w,n,e
f,n,b,w,n,e
t,l,n,w,n,e
f,n,b,w,n,e
f,n,b,w,n,e
t,p,n,w,k,p
t,l,n,w,u,e
t,a,b,w,k,e
f,n,b,w,n,e
t,n,b,g,k,e
t,l,b,w,n,e
f,n,b,w,n,e
t,p,n,w,n,p
t,a,b,w,n,e
t,n,b,p,k,e
t,l,b,w,k,e
f,n,b,w,k,e
f,n,n,w,n,e
t,p,n,w,n,p
f,n,b,w,n,e
t,l,b,w,k,e
f,n,b,w,k,e
t,p,n,w,n,p
t,l,b,w,k,e
f,n,b,w,k,e
t,l,b,w,k,e
f,n,b,w,n,e
t,l,b,w,n,e
t,l,b,w,k,e
t,p,n,w,k,p
t,l,b,w,k,e
f,n,n,w,k,e
t,a,b,w,k,e
f,n,b,w,n,e
t,l,n,w,u,e
f,n,b,w,n,e
t,p,n,w,k,p
f,n,b,w,k,e
f,n,b,w,k,e
f,n,b,w,k,e
t,p,n,w,n,p
f,n,b,w,n,e
f,n,b,w,n,e
f,n,b,w,n,e
t,p,n,w,n,p
f,n,b,w,n,e
f,n,b,w,k,e
t,p,n,w,k,p
f,n,b,w,n,e
t,l,b,w,n,e
f,n,b,w,n,e
f,n,b,w,k,e
t,p,n,w,k,p
t,a,b,w,n,e
f,n,b,w,k,e
t,l,b,w,k,e
f,n,b,w,k,e
f,n,b,w,n,e
f,n,b,w,n,e
f,n,b,w,k,e
f,n,b,w,n,e
f,n,b,w,k,e
f,n,b,w,k,e
f,n,b,w,n,e
t,n,b,p,k,e
t,a,n,w,u,e
f,n,b,w,k,e
f,n,b,w,k,e
t,a,b,w,n,e
f,n,b,w,n,e
f,n,b,w,k,e
t,p,n,w,n,p
f,n,b,w,k,e
t,p,n,w,k,p
f,n,b,w,n,e
t,a,b,w,k,e
f,n,b,w,k,e
t,n,b,w,n,e
t,l,b,w,n,e
f,n,b,w,n,e
f,n,b,w,n,e
f,n,b,w,n,e
t,n,b,w,n,e
f,n,b,w,n,e
f,n,b,w,k,e
f,n,b,w,n,e
f,n,b,w,n,e
f,n,b,w,k,e
f,n,b,w,n,e
f,n,b,w,k,e
f,n,b,w,k,e
f,n,b,w,k,e
t,a,b,w,k,e
t,p,n,w,n,p
f,n,b,w,k,e
t,p,n,w,k,p
t,a,b,w,n,e
f,n,b,w,k,e
f,n,b,w,k,e
f,n,b,w,n,e
f,n,b,w,k,e
t,a,b,w,n,e
f,n,b,w,k,e
t,n,b,w,n,e
t,a,b,w,k,e
f,n,b,w,k,e
t,a,b,w,n,e
t,p,n,w,k,p
t,n,b,p,k,e
f,n,b,w,k,e
t,a,b,w,n,e
f,n,b,w,k,e
t,n,b,p,k,e
f,n,b,w,n,e
f,n,n,w,k,e
f,n,n,w,k,e
f,n,n,w,k,e
t,l,b,w,k,e
f,n,n,w,n,e
f,n,b,w,n,e
t,a,b,w,k,e
t,l,b,w,k,e
t,l,b,w,k,e
f,n,b,w,n,e
t,a,b,w,k,e
t,a,b,w,k,e
f,n,b,w,n,e
f,n,b,w,k,e
t,p,n,w,k,p
t,l,b,w,n,e
f,n,b,w,n,e
f,n,b,w,k,e
t,l,b,w,n,e
t,n,b,g,n,e
t,l,b,w,n,e
t,a,b,w,k,e
t,p,n,w,k,p
f,n,b,w,k,e
t,a,b,w,n,e
t,l,b,w,n,e
t,l,b,w,k,e
t,l,b,w,n,e
t,a,b,w,n,e
t,a,b,w,k,e
f,n,b,w,k,e
t,p,n,w,n,p
f,n,b,w,n,e
f,n,b,w,k,e
t,p,n,w,k,p
f,n,b,w,k,e
f,n,b,w,n,e
f,n,b,w,k,e
f,n,b,w,k,e
t,a,b,w,k,e
f,n,b,w,k,e
f,n,b,w,k,e
t,p,n,w,n,p
f,n,b,w,n,e
f,n,b,w,k,e
f,n,b,w,n,e
f,n,b,w,n,e
t,a,b,w,k,e
f,n,b,w,n,e
f,n,b,w,n,e
f,n,b,w,k,e
f,n,b,w,k,e
f,n,b,w,k,e
t,n,b,g,n,e
f,n,b,w,k,e
t,p,n,w,n,p
t,n,b,p,k,e
f,n,b,w,n,e
t,p,n,w,n,p
f,n,b,w,k,e
f,n,b,w,n,e
f,n,b,w,k,e
f,n,b,w,k,e
f,n,b,w,k,e
f,n,b,w,n,e
f,n,b,w,n,e
f,n,b,w,k,e
t,p,n,w,k,p
f,n,b,w,n,e
t,p,n,w,k,p
t,p,n,w,n,p
f,n,b,w,n,e
f,n,b,w,k,e
f,n,b,w,n,e
f,n,b,w,k,e
f,n,b,w,k,e
f,n,b,w,n,e
t,n,b,g,n,e
t,n,b,w,n,e
f,n,b,w,n,e
t,p,n,w,n,p
t,p,n,w,n,p
f,n,b,w,n,e
t,p,n,w,n,p
f,n,b,w,k,e
f,n,b,w,n,e
t,p,n,w,k,p
t,p,n,w,k,p
t,p,n,w,k,p
t,p,n,w,k,p
f,n,b,w,k,e
t,n,b,g,n,e
f,n,b,w,n,e
f,n,b,w,k,e
t,p,n,w,k,p
f,n,b,w,n,e
t,n,b,p,n,e
f,n,b,w,k,e
f,n,b,w,n,e
t,p,n,w,n,p
f,n,b,w,n,e
f,n,b,w,k,e
t,p,n,w,k,p
f,n,b,w,n,e
f,n,b,w,n,e
f,n,b,w,k,e
f,n,b,w,n,e
t,a,b,w,k,e
f,n,b,w,n,e
f,n,b,w,k,e
f,n,b,w,n,e
f,n,b,w,k,e
f,n,b,w,k,e
t,p,n,w,k,p
f,n,b,w,k,e
t,n,b,w,k,e
f,n,b,w,k,e
t,n,b,g,k,e
f,n,b,w,n,e
f,n,b,w,k,e
t,p,n,w,n,p
t,p,n,w,k,p
f,n,b,w,n,e
t,n,b,g,n,e
f,n,b,w,k,e
t,a,b,w,k,e
f,n,b,w,n,e
f,n,b,w,n,e
f,n,b,w,k,e
f,n,b,w,n,e
t,n,b,w,n,e
f,n,b,w,n,e
f,n,b,w,n,e
f,n,b,w,n,e
f,n,b,w,n,e
f,n,b,w,n,e
f,n,b,w,n,e
f,n,b,w,n,e
f,n,b,w,n,e
t,p,n,w,n,p
f,n,b,w,n,e
t,l,b,w,k,e
f,n,b,w,n,e
f,n,b,w,n,e
t,n,b,w,k,e
t,l,b,w,k,e
f,n,b,w,k,e
t,n,b,w,n,e
t,p,n,w,n,p
f,n,b,w,k,e
t,p,n,w,n,p
f,n,b,w,n,e
f,n,b,w,k,e
t,l,b,w,k,e
f,n,b,w,n,e
f,n,b,w,n,e
f,n,b,w,k,e
f,n,b,w,k,e
f,n,b,w,k,e
t,p,n,w,k,p
f,n,b,w,n,e
f,n,b,w,k,e
t,n,b,p,k,e
f,n,b,w,n,e
t,n,b,w,n,e
t,a,b,w,n,e
f,n,b,w,k,e
f,n,b,w,k,e
f,n,b,w,n,e
t,p,n,w,k,p
t,n,b,w,n,e
f,n,b,w,n,e
f,n,b,w,k,e
t,p,n,w,n,p
f,n,b,w,k,e
t,n,b,g,n,e
t,n,b,w,n,e
t,n,b,w,n,e
f,n,b,w,n,e
f,n,b,w,n,e
f,n,b,w,n,e
f,n,b,w,k,e
f,n,b,w,k,e
f,n,b,w,k,e
f,n,b,w,k,e
f,n,b,w,n,e
f,n,b,w,k,e
f,n,b,w,n,e
t,p,n,w,k,p
f,n,b,w,k,e
f,n,b,w,n,e
f,n,b,w,n,e
f,n,b,w,n,e
f,n,b,w,k,e
f,n,b,w,n,e
t,n,b,g,k,e
f,n,b,w,n,e
f,n,b,w,k,e
f,n,b,w,k,e
f,n,b,w,k,e
t,l,b,w,k,e
t,p,n,w,k,p
t,p,n,w,k,p
f,n,b,w,k,e
f,n,b,w,k,e
t,p,n,w,k,p
f,n,b,w,k,e
t,p,n,w,n,p
f,n,b,w,n,e
t,p,n,w,n,p
f,n,b,w,k,e
f,n,b,w,k,e
f,n,b,w,k,e
f,n,b,w,n,e
t,n,b,w,n,e
t,n,b,g,k,e
f,n,b,w,n,e
t,n,b,g,k,e
f,n,b,w,n,e
f,n,b,w,k,e
f,n,b,w,k,e
f,n,b,w,k,e
t,n,b,w,n,e
f,n,b,w,n,e
f,n,b,w,k,e
f,n,b,w,n,e
t,p,n,w,n,p
f,n,b,w,k,e
t,a,b,w,n,e
t,n,b,g,k,e
f,n,b,w,n,e
f,n,b,w,n,e
t,p,n,w,n,p
f,n,b,w,k,e
f,n,b,w,k,e
f,n,b,w,k,e
f,n,b,w,n,e
f,n,b,w,k,e
f,n,b,w,k,e
f,n,b,w,n,e
f,n,b,w,n,e
f,n,b,w,n,e
f,n,b,w,k,e
t,l,b,w,n,e
f,n,b,w,k,e
f,n,b,w,n,e
f,n,b,w,k,e
t,p,n,w,n,p
f,n,b,w,k,e
t,n,b,g,n,e
f,n,b,w,n,e
f,n,b,w,k,e
f,n,b,w,n,e
f,n,b,w,n,e
f,n,b,w,k,e
t,l,b,w,k,e
t,p,n,w,k,p
f,n,b,w,n,e
t,n,b,w,k,e
t,p,n,w,k,p
t,p,n,w,k,p
t,p,n,w,n,p
t,n,b,g,k,e
t,l,b,w,k,e
t,p,n,w,k,p
f,n,b,w,k,e
f,n,b,w,n,e
t,n,b,g,k,e
f,n,b,w,k,e
f,n,b,w,k,e
f,n,b,w,n,e
t,p,n,w,n,p
t,p,n,w,k,p
f,n,b,w,k,e
f,n,b,w,n,e
t,n,b,p,k,e
f,n,b,w,n,e
f,n,b,w,k,e
t,p,n,w,n,p
f,n,b,w,n,e
t,p,n,w,n,p
f,n,b,w,k,e
f,n,b,w,k,e
f,n,b,w,n,e
t,n,b,p,n,e
f,n,b,w,n,e
t,p,n,w,n,p
t,n,b,w,n,e
f,n,b,w,k,e
f,n,b,w,k,e
t,a,n,w,u,e
f,n,b,w,n,e
t,n,b,g,k,e
t,n,b,g,n,e
t,a,n,w,u,e
f,n,b,w,k,e
f,n,b,w,k,e
t,n,b,g,n,e
f,n,b,w,k,e
t,p,n,w,k,p
f,n,b,w,n,e
f,n,b,w,n,e
f,n,b,w,n,e
f,n,b,w,k,e
f,n,b,w,n,e
t,p,n,w,k,p
f,n,b,w,n,e
f,n,b,w,n,e
f,n,b,w,k,e
f,n,b,w,k,e
f,n,b,w,k,e
t,l,b,w,k,e
t,p,n,w,k,p
f,n,b,w,k,e
f,n,b,w,k,e
f,n,b,w,n,e
t,p,n,w,n,p
f,n,b,w,k,e
t,p,n,w,n,p
f,n,b,w,k,e
f,n,b,w,k,e
f,n,b,w,k,e
f,n,b,w,k,e
f,n,b,w,n,e
f,n,b,w,n,e
f,n,b,w,k,e
f,n,b,w,k,e
f,n,b,w,n,e
t,a,b,w,k,e
f,n,b,w,n,e
f,n,b,w,k,e
f,n,b,w,n,e
t,n,b,p,n,e
t,p,n,w,k,p
t,n,b,p,n,e
f,n,b,w,n,e
t,n,b,w,k,e
f,n,b,w,n,e
f,n,b,w,k,e
f,n,b,w,k,e
t,a,b,w,k,e
t,a,n,w,u,e
f,n,b,w,n,e
f,n,b,w,n,e
f,n,b,w,n,e
t,a,b,w,k,e
f,n,b,w,k,e
t,l,b,w,n,e
f,n,b,w,k,e
f,n,b,w,n,e
f,n,b,w,n,e
f,n,b,w,n,e
f,n,b,w,n,e
t,n,b,w,n,e
f,n,b,w,k,e
t,a,b,w,k,e
f,n,b,w,k,e
t,p,n,w,k,p
f,n,b,w,n,e
t,p,n,w,n,p
f,n,b,w,k,e
f,n,b,w,n,e
t,p,n,w,n,p
f,n,b,w,k,e
t,p,n,w,n,p
f,n,b,w,n,e
f,n,b,w,k,e
t,p,n,w,n,p
f,n,b,w,k,e
f,n,b,w,k,e
f,n,b,w,n,e
f,n,b,w,k,e
t,n,b,g,k,e
t,p,n,w,k,p
f,n,b,w,k,e
t,a,b,w,k,e
f,n,b,w,n,e
f,n,b,w,k,e
t,l,b,w,k,e
f,n,b,w,k,e
f,n,b,w,k,e
f,n,b,w,n,e
t,p,n,w,n,p
f,n,b,w,n,e
t,a,b,w,k,e
f,n,b,w,n,e
f,n,b,w,k,e
f,n,b,w,n,e
f,n,b,w,k,e
f,n,b,w,k,e
t,n,b,p,n,e
t,l,b,w,n,e
t,n,b,g,n,e
t,p,n,w,k,p
f,n,b,w,n,e
t,p,n,w,k,p
f,n,b,w,n,e
f,n,b,w,k,e
f,n,b,w,k,e
f,n,b,w,n,e
f,n,b,w,n,e
t,l,b,w,k,e
f,n,b,w,k,e
f,n,b,w,k,e
t,p,n,w,k,p
f,n,b,w,k,e
t,p,n,w,k,p
f,n,b,w,k,e
t,n,b,p,k,e
f,n,b,w,k,e
t,p,n,w,n,p
f,n,b,w,k,e
t,p,n,w,n,p
t,n,b,g,n,e
f,n,b,w,n,e
t,a,b,w,n,e
f,n,b,w,k,e
f,n,b,w,n,e
f,n,b,w,n,e
f,n,b,w,k,e
f,n,b,w,n,e
f,n,b,w,k,e
f,n,b,w,n,e
t,n,b,w,n,e
f,n,b,w,k,e
f,n,b,w,k,e
t,l,b,w,n,e
t,n,b,p,k,e
f,n,b,w,k,e
f,n,b,w,n,e
f,n,b,w,n,e
f,n,b,w,k,e
f,n,b,w,k,e
f,n,b,w,k,e
f,n,b,w,n,e
t,n,b,w,n,e
f,n,b,w,n,e
f,n,b,w,k,e
f,n,b,w,n,e
f,n,n,w,k,e
t,p,n,w,k,p
t,p,n,w,n,p
t,n,b,w,k,e
f,n,b,w,n,e
f,n,b,w,n,e
f,n,b,w,n,e
f,n,b,w,n,e
f,n,b,w,k,e
f,n,b,w,k,e
f,n,b,w,n,e
f,n,b,w,k,e
t,n,b,p,k,e
t,p,n,w,n,p
f,n,b,w,n,e
t,n,b,w,n,e
t,p,n,w,n,p
t,p,n,w,k,p
t,p,n,w,k,p
f,n,b,w,n,e
f,n,b,w,n,e
f,n,b,w,k,e
f,n,b,w,k,e
f,n,b,w,k,e
t,p,n,w,n,p
t,p,n,w,k,p
f,n,b,w,n,e
f,n,b,w,k,e
f,n,b,w,n,e
t,n,b,w,k,e
t,n,b,g,n,e
f,n,b,w,k,e
f,n,b,w,n,e
f,n,b,w,k,e
t,l,b,w,n,e
f,n,b,w,n,e
f,n,b,w,n,e
f,n,b,w,n,e
f,n,b,w,n,e
f,n,b,w,n,e
f,n,b,w,k,e
f,n,b,w,n,e
f,n,b,w,k,e
f,n,b,w,n,e
f,n,b,w,k,e
f,n,b,w,n,e
f,n,b,w,k,e
f,n,b,w,n,e
f,n,b,w,k,e
f,n,b,w,k,e
t,a,b,w,k,e
t,l,b,w,k,e
f,n,b,w,k,e
t,p,n,w,k,p
f,n,b,w,n,e
t,p,n,w,k,p
t,n,b,p,n,e
t,p,n,w,k,p
t,l,b,w,n,e
t,l,b,w,n,e
t,l,b,w,n,e
f,n,b,w,n,e
f,n,b,w,k,e
f,n,b,w,k,e
f,n,b,w,k,e
f,n,b,w,n,e
f,n,b,w,k,e
f,n,b,w,k,e
t,l,b,w,n,e
f,n,b,w,k,e
t,l,b,w,k,e
t,p,n,w,k,p
f,n,b,w,k,e
f,n,b,w,k,e
f,n,b,w,n,e
f,n,b,w,n,e
t,n,b,g,n,e
t,n,b,g,k,e
t,a,b,w,n,e
t,n,b,p,k,e
f,n,b,w,n,e
f,n,b,w,k,e
f,n,b,w,n,e
f,n,b,w,n,e
f,n,b,w,k,e
f,n,b,w,n,e
f,n,b,w,n,e
f,n,b,w,n,e
t,n,b,w,k,e
f,n,b,w,n,e
f,n,b,w,k,e
t,p,n,w,k,p
t,n,b,p,k,e
f,n,b,w,k,e
f,n,b,w,k,e
t,p,n,w,n,p
f,n,b,w,k,e
t,n,b,w,k,e
f,n,b,w,k,e
f,n,b,w,k,e
t,n,b,g,n,e
f,n,b,w,n,e
f,n,b,w,n,e
t,n,b,p,k,e
t,l,b,w,k,e
t,l,b,w,n,e
f,n,b,w,n,e
f,n,b,w,k,e
f,n,b,w,k,e
f,n,b,w,k,e
f,n,b,w,n,e
f,n,b,w,n,e
t,a,b,w,n,e
t,p,n,w,k,p
f,n,b,w,k,e
f,n,b,w,k,e
t,a,b,w,k,e
f,n,b,w,n,e
f,n,b,w,n,e
t,p,n,w,k,p
f,n,b,w,k,e
f,n,b,w,n,e
t,p,n,w,k,p
f,n,b,w,n,e
f,n,b,w,k,e
t,n,b,g,k,e
f,n,b,w,k,e
t,p,n,w,n,p
f,n,b,w,k,e
f,n,b,w,n,e
f,n,b,w,n,e
f,n,b,w,k,e
t,l,b,w,n,e
t,p,n,w,n,p
f,n,b,w,n,e
f,n,n,w,k,e
t,p,n,w,n,p
f,n,b,w,n,e
f,n,b,w,n,e
t,a,b,w,n,e
f,n,b,w,n,e
f,n,b,w,k,e
t,p,n,w,n,p
f,n,b,w,k,e
f,n,b,w,n,e
f,n,b,w,k,e
t,n,b,p,n,e
f,n,b,w,k,e
f,n,b,w,k,e
f,n,b,w,k,e
f,n,b,w,n,e
t,n,b,w,k,e
f,n,b,w,n,e
t,p,n,w,n,p
f,n,b,w,n,e
f,n,b,w,n,e
t,n,b,w,k,e
t,a,b,w,n,e
f,n,b,w,k,e
f,n,b,w,k,e
f,n,b,w,k,e
t,a,b,w,n,e
t,n,b,g,k,e
f,n,b,w,k,e
f,n,b,w,k,e
t,p,n,w,n,p
t,p,n,w,k,p
f,n,b,w,k,e
f,n,n,w,n,e
f,n,b,w,k,e
f,n,b,w,k,e
t,p,n,w,k,p
t,a,b,w,n,e
f,n,b,w,k,e
t,p,n,w,k,p
f,n,b,w,k,e
f,n,b,w,n,e
f,n,b,w,k,e
t,p,n,w,n,p
f,n,b,w,k,e
f,n,b,w,n,e
f,n,b,w,n,e
f,n,b,w,n,e
t,p,n,w,k,p
f,n,b,w,n,e
f,n,b,w,n,e
t,p,n,w,k,p
f,n,b,w,k,e
t,n,b,w,n,e
f,n,b,w,n,e
t,n,b,w,k,e
t,n,b,p,n,e
t,n,b,p,n,e
t,n,b,p,k,e
f,n,b,w,n,e
t,n,b,p,n,e
t,n,b,g,k,e
f,n,b,w,n,e
t,p,n,w,n,p
t,n,b,g,k,e
t,p,n,w,k,p
t,a,b,w,n,e
f,n,b,w,k,e
t,a,b,w,n,e
f,f,b,n,h,p
f,n,b,w,n,e
f,n,b,w,n,e
t,n,b,g,k,e
f,n,b,w,k,e
f,n,b,w,k,e
t,p,n,w,k,p
t,n,b,p,n,e
t,l,b,w,n,e
f,n,b,w,k,e
t,n,b,w,n,e
f,n,b,w,k,e
f,n,b,w,n,e
t,n,b,w,k,e
t,n,b,w,n,e
t,n,b,g,k,e
f,n,b,w,n,e
t,n,b,p,k,e
t,n,b,g,n,e
t,n,b,g,n,e
t,n,b,p,n,e
f,n,b,w,n,e
t,n,b,p,k,e
f,n,b,w,k,e
f,n,b,w,k,e
f,n,b,w,n,e
t,n,b,w,k,e
t,p,n,w,n,p
t,n,b,p,k,e
f,n,b,w,k,e
f,n,b,w,n,e
t,n,b,g,n,e
t,n,b,p,k,e
t,n,b,g,k,e
t,n,b,w,k,e
f,n,b,w,n,e
t,n,b,w,n,e
t,n,b,w,k,e
t,n,b,w,k,e
t,n,b,p,n,e
t,a,n,w,n,e
t,n,b,g,n,e
t,p,n,w,n,p
f,n,b,w,k,e
t,n,b,g,n,e
t,n,b,p,k,e
f,n,b,w,k,e
t,n,b,p,n,e
f,n,b,w,n,e
t,n,b,p,n,e
t,n,b,p,n,e
f,n,b,w,k,e
f,n,b,w,k,e
f,n,b,w,k,e
f,n,b,w,k,e
t,n,b,p,n,e
f,n,b,w,k,e
f,n,b,w,k,e
t,n,b,g,n,e
t,n,b,p,n,e
t,n,b,w,n,e
t,n,b,w,k,e
f,n,b,w,n,e
f,n,b,w,k,e
f,n,b,w,k,e
f,n,b,w,n,e
t,n,b,g,n,e
t,n,b,g,n,e
t,n,b,g,k,e
t,l,n,w,n,e
f,n,b,w,k,e
t,p,n,w,k,p
t,n,b,g,k,e
t,n,b,w,n,e
f,n,b,w,n,e
f,n,b,w,n,e
f,n,b,w,n,e
f,n,b,w,n,e
f,n,b,w,n,e
t,n,b,g,n,e
t,n,b,p,n,e
f,n,b,w,n,e
f,n,b,w,k,e
f,n,b,w,n,e
t,n,b,p,k,e
f,n,b,w,n,e
f,n,b,w,n,e
f,n,b,w,k,e
f,n,b,w,n,e
f,n,b,w,n,e
f,n,b,w,k,e
t,n,b,w,n,e
f,n,b,w,k,e
f,n,b,w,n,e
t,n,b,g,k,e
t,n,b,g,k,e
t,n,b,g,k,e
f,n,b,w,k,e
f,n,b,w,n,e
t,l,b,w,n,e
t,p,n,w,k,p
f,n,b,w,k,e
f,n,b,w,k,e
t,n,b,g,k,e
t,n,b,g,k,e
f,n,b,w,n,e
f,n,b,w,k,e
f,n,b,w,n,e
t,n,b,g,n,e
t,n,b,g,k,e
f,n,b,w,k,e
f,n,b,w,k,e
f,n,b,w,k,e
f,n,b,w,k,e
t,p,n,w,k,p
t,a,b,w,n,e
t,n,b,g,n,e
f,n,b,w,k,e
f,n,b,w,n,e
f,n,b,w,n,e
t,l,n,w,u,e
f,n,b,w,n,e
f,n,b,w,k,e
f,n,b,w,k,e
t,n,b,w,k,e
t,n,b,g,k,e
t,n,b,w,k,e
f,n,b,w,k,e
f,n,b,w,n,e
t,p,n,w,n,p
f,n,b,w,n,e
t,n,b,g,n,e
t,n,b,g,n,e
f,n,b,w,n,e
t,n,b,p,n,e
t,n,b,p,n,e
t,n,b,g,k,e
t,n,b,p,n,e
t,n,b,p,k,e
t,p,n,w,k,p
f,n,b,w,k,e
t,n,b,p,n,e
t,n,b,w,n,e
t,p,n,w,n,p
t,n,b,w,k,e
f,n,b,w,k,e
t,n,b,g,k,e
f,n,b,w,n,e
f,n,b,w,n,e
f,n,b,w,k,e
t,n,b,w,n,e
f,n,b,w,k,e
t,n,b,p,n,e
f,n,b,w,k,e
f,n,b,w,k,e
f,n,b,w,n,e
t,p,n,w,k,p
t,n,b,w,k,e
f,n,b,w,n,e
t,p,n,w,n,p
t,n,b,p,n,e
t,n,b,w,n,e
f,n,b,w,n,e
t,n,b,g,k,e
f,n,b,w,n,e
f,n,b,w,k,e
t,l,b,w,k,e
f,n,b,w,n,e
t,n,b,p,n,e
t,n,b,g,k,e
f,n,b,w,n,e
t,p,n,w,n,p
t,n,b,w,n,e
t,p,n,w,k,p
t,p,n,w,n,p
t,n,b,p,n,e
f,n,b,w,n,e
t,n,b,g,n,e
f,n,b,w,k,e
t,n,b,p,n,e
f,n,b,w,n,e
f,n,b,w,k,e
f,n,b,w,k,e
f,n,b,w,k,e
t,n,b,g,n,e
t,n,b,g,n,e
f,n,b,w,k,e
t,n,b,g,k,e
t,p,n,w,n,p
t,l,b,w,n,e
t,p,n,w,k,p
f,n,b,w,n,e
f,n,b,w,k,e
t,p,n,w,n,p
f,n,b,w,n,e
f,n,b,w,k,e
t,n,b,g,k,e
f,n,b,w,k,e
f,n,b,w,n,e
f,n,b,w,n,e
f,n,b,w,k,e
t,a,n,w,n,e
t,a,n,w,n,e
f,n,b,w,n,e
t,n,b,w,n,e
t,n,b,g,k,e
t,n,b,w,n,e
f,n,b,w,k,e
t,n,b,w,n,e
t,n,b,p,k,e
f,n,b,w,k,e
t,n,b,w,n,e
f,n,b,w,k,e
t,l,b,w,k,e
t,n,b,w,k,e
f,n,b,w,n,e
t,n,b,p,k,e
t,n,b,g,k,e
t,n,b,p,k,e
f,n,b,w,n,e
f,n,b,w,k,e
f,n,b,w,n,e
f,n,b,w,k,e
t,n,b,w,k,e
t,n,b,p,n,e
t,n,b,p,k,e
f,n,b,w,n,e
f,n,b,w,n,e
f,n,b,w,k,e
t,a,b,w,n,e
t,n,b,w,n,e
f,n,b,w,k,e
t,n,b,w,k,e
t,n,b,w,n,e
f,n,b,w,n,e
t,a,b,w,k,e
f,n,b,w,n,e
f,n,b,w,n,e
t,n,b,g,n,e
f,n,b,w,k,e
t,n,b,g,n,e
t,n,b,w,n,e
f,n,b,w,n,e
t,a,b,w,k,e
f,n,b,w,n,e
t,p,n,w,n,p
f,n,b,w,n,e
t,n,b,p,n,e
f,n,b,w,n,e
t,n,b,p,k,e
t,n,b,p,n,e
t,p,n,w,k,p
f,n,b,w,n,e
t,n,b,w,k,e
t,n,b,g,k,e
t,n,b,w,k,e
t,n,b,p,n,e
t,n,b,p,k,e
t,p,n,w,n,p
t,l,b,w,k,e
t,n,b,p,n,e
t,n,b,w,n,e
f,n,b,w,n,e
t,n,b,w,n,e
f,n,b,w,n,e
f,n,b,w,n,e
t,n,b,g,n,e
t,n,b,w,n,e
f,n,b,w,k,e
f,n,b,w,k,e
f,n,b,w,n,e
t,n,b,g,k,e
t,n,b,p,n,e
t,p,n,w,k,p
t,n,b,g,k,e
f,n,b,w,n,e
t,a,b,w,n,e
f,n,b,w,n,e
f,n,b,w,k,e
t,n,b,g,k,e
t,n,b,w,n,e
f,n,b,w,k,e
t,p,n,w,k,p
f,n,b,w,n,e
t,n,b,w,k,e
t,n,b,w,n,e
t,n,b,p,n,e
t,n,b,p,n,e
t,n,b,g,n,e
t,n,b,g,k,e
t,n,b,w,n,e
t,n,b,p,k,e
t,n,b,p,k,e
t,n,b,w,k,e
t,n,b,g,k,e
t,n,b,g,n,e
t,p,n,w,n,p
t,n,b,p,n,e
t,n,b,w,k,e
t,n,b,g,n,e
t,n,b,w,k,e
t,n,b,g,k,e
t,n,b,p,k,e
t,n,b,g,k,e
t,n,b,w,n,e
t,n,b,w,n,e
t,n,b,g,k,e
t,n,b,w,k,e
t,n,b,p,k,e
t,n,b,p,n,e
t,n,b,g,n,e
t,n,b,w,k,e
f,f,b,b,h,p
t,p,n,w,k,p
t,n,b,p,k,e
f,n,b,w,n,e
t,n,b,g,n,e
t,n,b,g,n,e
t,n,b,p,n,e
t,n,b,p,n,e
t,n,b,g,n,e
t,n,b,w,k,e
t,n,b,w,n,e
t,n,b,p,k,e
t,n,b,p,k,e
t,n,b,w,k,e
t,n,b,p,n,e
t,n,b,w,k,e
t,n,b,w,n,e
t,n,b,p,k,e
t,n,b,g,n,e
t,p,n,w,n,p
t,n,b,w,n,e
t,p,n,w,k,p
t,n,b,g,k,e
t,n,b,g,k,e
t,n,b,p,n,e
t,n,b,w,n,e
t,n,b,w,n,e
t,n,b,g,n,e
t,n,b,p,n,e
t,n,b,w,n,e
t,n,b,p,n,e
t,n,b,w,k,e
t,n,b,w,k,e
t,n,b,g,n,e
t,n,b,g,k,e
t,n,b,w,k,e
t,n,b,w,n,e
t,n,b,w,n,e
t,n,b,p,n,e
t,n,b,p,k,e
t,n,b,g,k,e
t,n,b,p,n,e
t,n,b,g,k,e
t,n,b,g,n,e
t,n,b,g,n,e
t,n,b,g,k,e
t,n,b,w,n,e
t,n,b,w,k,e
t,n,b,g,k,e
t,n,b,w,n,e
f,f,b,n,h,p
t,n,b,p,k,e
t,n,b,p,n,e
t,n,b,g,n,e
t,n,b,g,n,e
t,n,b,g,k,e
t,n,b,g,k,e
t,n,b,w,k,e
t,n,b,w,k,e
t,n,b,p,k,e
t,n,b,g,k,e
t,n,b,g,n,e
t,n,b,p,k,e
t,n,b,w,k,e
f,n,b,w,n,e
t,n,b,p,k,e
t,n,b,p,k,e
t,n,b,g,n,e
t,n,b,g,k,e
t,n,b,w,k,e
t,n,b,p,n,e
t,n,b,w,n,e
f,n,b,w,n,e
t,n,b,g,n,e
t,n,b,p,k,e
t,n,b,g,k,e
t,n,b,w,k,e
t,n,b,w,n,e
t,n,b,g,k,e
t,n,b,g,k,e
t,n,b,w,k,e
t,n,b,p,n,e
f,c,n,w,n,p
t,n,b,g,n,e
t,n,b,p,k,e
t,n,b,w,k,e
t,n,b,p,n,e
t,n,b,w,n,e
t,n,b,g,n,e
t,n,b,g,n,e
t,n,b,p,k,e
t,n,b,p,k,e
t,n,b,p,n,e
t,n,b,w,k,e
t,n,b,w,n,e
t,n,b,g,n,e
t,n,b,p,n,e
t,n,b,w,k,e
t,n,b,p,n,e
f,n,b,w,n,e
t,n,b,g,k,e
t,n,b,g,k,e
t,n,b,p,n,e
t,n,b,w,k,e
t,n,b,w,n,e
t,n,b,w,n,e
t,n,b,p,k,e
t,n,b,p,k,e
t,n,b,w,n,e
f,n,b,w,k,e
f,f,b,b,h,p
t,n,b,g,k,e
t,n,b,w,n,e
t,p,n,w,k,p
t,n,b,w,k,e
t,n,b,p,n,e
t,n,b,p,k,e
t,n,b,g,k,e
t,n,b,g,n,e
f,n,b,w,n,e
t,n,b,g,n,e
t,n,b,g,k,e
t,n,b,g,n,e
t,n,b,g,k,e
f,n,b,w,n,e
t,n,b,p,n,e
t,n,b,w,k,e
t,n,b,p,k,e
t,n,b,w,n,e
t,n,b,p,n,e
t,n,b,p,n,e
t,n,b,p,n,e
f,n,b,w,n,e
t,n,b,w,k,e
t,n,b,w,k,e
t,n,b,p,n,e
t,n,b,p,k,e
t,n,b,p,k,e
f,n,b,w,k,e
t,n,b,g,n,e
t,n,b,w,k,e
t,n,b,p,n,e
t,n,b,p,n,e
f,n,b,w,k,e
t,n,b,w,k,e
t,n,b,g,k,e
t,n,b,w,k,e
t,n,b,w,n,e
t,n,b,p,k,e
t,n,b,w,n,e
t,n,b,w,n,e
t,n,b,g,n,e
t,n,b,p,k,e
t,n,b,p,n,e
t,n,b,w,n,e
t,n,b,w,k,e
t,n,b,w,k,e
f,c,n,w,k,p
t,n,b,g,k,e
t,n,b,w,n,e
t,p,n,w,k,p
t,n,b,w,k,e
t,n,b,g,k,e
t,n,b,g,k,e
t,n,b,p,n,e
t,n,b,w,k,e
t,n,b,p,n,e
f,n,b,w,k,e
t,n,b,w,n,e
f,n,b,w,n,e
t,n,b,g,n,e
t,n,b,p,k,e
t,n,b,w,n,e
t,n,b,g,k,e
t,n,b,p,n,e
t,n,b,p,k,e
t,n,b,p,k,e
t,n,b,p,n,e
t,n,b,g,n,e
t,n,b,w,k,e
t,n,b,g,k,e
t,n,b,p,n,e
t,n,b,p,n,e
t,n,b,g,k,e
t,n,b,p,n,e
t,n,b,p,n,e
t,n,b,w,k,e
t,n,b,p,k,e
t,n,b,w,k,e
t,n,b,w,k,e
t,n,b,w,k,e
t,n,b,p,n,e
t,n,b,g,k,e
t,n,b,p,k,e
t,n,b,w,k,e
t,n,b,w,k,e
t,n,b,w,n,e
t,n,b,p,k,e
t,n,b,g,n,e
t,n,b,p,n,e
t,n,b,p,k,e
t,n,b,p,k,e
t,n,b,p,k,e
t,n,b,g,k,e
t,n,b,w,k,e
t,n,b,w,n,e
t,n,b,p,n,e
t,n,b,g,n,e
t,n,b,w,n,e
t,n,b,w,n,e
t,n,b,w,n,e
t,n,b,p,n,e
t,n,b,p,n,e
t,n,b,w,k,e
t,n,b,p,n,e
t,n,b,w,n,e
t,n,b,p,n,e
t,n,b,g,k,e
f,n,b,w,n,e
t,n,b,g,n,e
f,n,b,w,n,e
t,n,b,g,n,e
t,n,b,w,k,e
t,p,n,w,n,p
t,n,b,w,k,e
t,n,b,w,k,e
t,n,b,g,n,e
t,n,b,p,k,e
t,n,b,g,k,e
t,n,b,p,n,e
t,n,b,p,k,e
t,n,b,p,n,e
t,n,b,w,n,e
t,n,b,g,k,e
t,n,b,g,k,e
t,n,b,w,k,e
t,n,b,w,k,e
t,n,b,p,k,e
t,n,b,w,k,e
f,n,b,w,n,e
t,n,b,g,k,e
t,n,b,g,k,e
t,n,b,p,k,e
t,n,b,g,n,e
t,n,b,g,k,e
t,n,b,w,n,e
t,n,b,w,n,e
t,p,n,w,n,p
t,n,b,g,k,e
f,n,b,w,k,e
f,n,b,w,n,e
t,n,b,p,k,e
t,n,b,p,k,e
t,n,b,g,k,e
t,n,b,p,k,e
t,n,b,w,k,e
t,n,b,p,n,e
f,f,b,n,h,p
t,n,b,g,k,e
f,n,b,w,k,e
t,p,n,w,n,p
t,n,b,p,n,e
t,n,b,w,n,e
t,n,b,g,k,e
t,n,b,p,k,e
t,n,b,p,k,e
t,n,b,p,n,e
t,n,b,g,k,e
t,n,b,w,k,e
t,n,b,g,n,e
t,n,b,g,n,e
t,n,b,w,k,e
t,p,n,w,k,p
t,n,b,w,k,e
t,n,b,g,k,e
t,n,b,w,k,e
t,n,b,p,k,e
t,n,b,w,n,e
t,n,b,g,n,e
t,n,b,w,n,e
t,n,b,g,k,e
t,n,b,p,n,e
t,n,b,w,k,e
t,n,b,w,n,e
t,n,b,p,n,e
t,n,b,p,k,e
t,n,b,p,n,e
t,n,b,p,k,e
t,n,b,g,n,e
t,n,b,g,k,e
t,n,b,p,k,e
t,n,b,p,k,e
t,n,b,p,n,e
t,n,b,g,n,e
t,n,b,g,k,e
t,n,b,p,n,e
t,n,b,w,n,e
t,n,b,g,n,e
f,c,n,w,k,p
t,n,b,p,n,e
t,n,b,p,k,e
t,n,b,p,k,e
t,n,b,p,n,e
t,n,b,w,k,e
t,n,b,w,n,e
t,n,b,p,n,e
t,n,b,g,k,e
t,n,b,p,n,e
t,n,b,w,n,e
t,n,b,w,n,e
t,n,b,p,k,e
t,n,b,g,k,e
t,n,b,w,n,e
t,n,b,p,k,e
t,n,b,p,k,e
f,f,b,b,h,p
t,n,b,w,k,e
t,n,b,g,n,e
t,n,b,p,k,e
t,n,b,w,n,e
t,n,b,p,k,e
t,n,b,w,k,e
t,n,b,p,n,e
t,n,b,p,n,e
f,n,b,w,n,e
t,n,b,w,k,e
t,n,b,w,k,e
t,n,b,p,k,e
t,n,b,g,n,e
t,n,b,w,n,e
t,n,b,g,k,e
t,n,b,w,n,e
t,n,b,w,k,e
t,n,b,w,k,e
t,n,b,g,k,e
t,n,b,w,k,e
t,n,b,p,n,e
t,n,b,g,k,e
t,n,b,g,n,e
t,n,b,p,k,e
t,n,b,p,k,e
t,n,b,g,k,e
t,n,b,w,k,e
t,n,b,w,n,e
t,n,b,g,k,e
t,n,b,p,n,e
t,n,b,w,n,e
t,n,b,w,n,e
t,n,b,p,k,e
t,n,b,w,k,e
t,p,n,w,k,p
f,n,b,w,n,e
t,n,b,g,k,e
t,n,b,w,k,e
f,c,n,w,n,p
t,n,b,p,k,e
t,n,b,w,k,e
t,n,b,w,n,e
t,n,b,p,k,e
f,n,b,w,n,e
t,n,b,g,n,e
t,n,b,g,n,e
t,n,b,p,n,e
t,n,b,g,n,e
t,n,b,p,k,e
t,n,b,w,n,e
t,n,b,g,k,e
t,p,n,w,n,p
t,n,b,w,n,e
t,n,b,g,k,e
t,n,b,p,n,e
t,n,b,w,k,e
f,n,b,w,k,e
f,n,b,w,n,e
t,n,b,p,k,e
t,n,b,p,n,e
t,n,b,w,n,e
t,n,b,p,n,e
t,n,b,p,n,e
t,n,b,w,k,e
t,n,b,w,k,e
t,n,b,w,k,e
t,n,b,w,n,e
t,n,b,p,n,e
f,c,n,w,n,p
t,n,b,p,k,e
t,n,b,p,n,e
t,n,b,w,k,e
t,n,b,p,k,e
t,n,b,g,k,e
f,n,b,w,n,e
t,n,b,p,n,e
t,n,b,p,k,e
t,n,b,w,n,e
t,n,b,w,k,e
t,n,b,g,k,e
t,n,b,w,n,e
t,n,b,w,k,e
t,n,b,p,n,e
t,n,b,w,k,e
t,n,b,w,k,e
t,n,b,p,n,e
t,n,b,w,n,e
t,n,b,p,k,e
t,n,b,p,k,e
f,f,b,n,h,p
t,n,b,p,k,e
t,n,b,g,k,e
f,f,b,p,h,p
t,n,b,w,k,e
t,n,b,w,k,e
f,f,b,b,h,p
f,c,n,w,n,p
t,n,b,w,k,e
t,n,b,p,n,e
t,n,b,w,n,e
t,n,b,w,k,e
t,n,b,w,n,e
t,n,b,g,n,e
t,n,b,w,n,e
t,n,b,g,k,e
t,n,b,w,k,e
t,n,b,p,k,e
t,n,b,w,k,e
t,n,b,p,n,e
t,n,b,p,k,e
t,n,b,w,k,e
t,n,b,p,n,e
t,n,b,p,n,e
t,n,b,p,n,e
t,n,b,p,n,e
t,n,b,p,k,e
f,c,n,w,k,p
t,n,b,w,k,e
t,n,b,p,n,e
t,n,b,g,n,e
t,n,b,p,k,e
t,n,b,w,k,e
f,f,b,b,h,p
t,n,b,w,k,e
t,n,b,g,n,e
t,n,b,w,k,e
t,n,b,p,n,e
f,f,b,b,h,p
t,n,b,w,n,e
t,n,b,g,k,e
t,n,b,g,k,e
t,n,b,w,k,e
t,n,b,w,n,e
t,n,b,w,k,e
t,n,b,g,k,e
t,n,b,p,k,e
t,n,b,p,k,e
t,n,b,p,n,e
t,n,b,w,n,e
t,n,b,p,k,e
t,n,b,w,n,e
t,n,b,p,n,e
t,n,b,p,n,e
t,n,b,p,k,e
t,n,b,g,n,e
t,n,b,p,n,e
t,n,b,g,k,e
t,n,b,p,n,e
t,n,b,w,k,e
t,n,b,p,n,e
f,f,b,b,h,p
t,n,b,w,k,e
t,n,b,g,n,e
t,n,b,w,n,e
t,n,b,p,n,e
t,n,b,g,k,e
t,n,b,w,k,e
t,n,b,g,k,e
t,n,b,p,k,e
t,n,b,p,k,e
t,n,b,g,n,e
f,f,b,p,h,p
t,n,b,p,n,e
t,n,b,g,n,e
t,n,b,w,k,e
t,n,b,w,n,e
t,n,b,p,k,e
t,n,b,p,n,e
t,n,b,w,n,e
t,n,b,g,n,e
t,n,b,p,k,e
t,n,b,w,k,e
t,n,b,w,n,e
t,n,b,g,n,e
t,n,b,w,n,e
t,n,b,g,k,e
t,n,b,g,n,e
t,n,b,p,n,e
t,n,b,w,n,e
t,n,b,p,k,e
t,n,b,g,n,e
t,n,b,w,n,e
t,n,b,w,n,e
f,c,n,w,n,p
t,n,b,p,n,e
t,n,b,g,n,e
f,n,b,w,k,e
t,n,b,g,n,e
t,n,b,p,n,e
t,n,b,g,n,e
t,n,b,w,n,e
t,n,b,p,n,e
t,n,b,p,n,e
t,n,b,p,n,e
t,n,b,p,n,e
t,n,b,g,k,e
t,n,b,g,k,e
t,n,b,p,n,e
t,n,b,w,k,e
t,n,b,g,k,e
t,n,b,p,n,e
t,n,b,g,n,e
t,n,b,g,k,e
f,n,b,w,k,e
t,n,b,w,n,e
t,n,b,g,k,e
t,n,b,p,n,e
t,n,b,g,k,e
t,n,b,g,n,e
t,n,b,p,k,e
t,n,b,p,k,e
t,n,b,w,k,e
t,n,b,w,k,e
t,n,b,g,k,e
t,n,b,p,k,e
t,n,b,p,n,e
t,n,b,g,n,e
t,n,b,g,n,e
t,n,b,g,n,e
t,n,b,g,k,e
t,n,b,p,k,e
t,n,b,p,k,e
t,n,b,w,n,e
t,n,b,g,k,e
t,n,b,g,n,e
t,n,b,g,n,e
t,n,b,p,n,e
t,n,b,p,n,e
t,n,b,p,n,e
t,n,b,w,n,e
t,n,b,g,k,e
t,n,b,p,k,e
t,n,b,w,k,e
t,n,b,p,n,e
t,n,b,p,n,e
t,n,b,p,k,e
t,n,b,p,n,e
t,n,b,g,n,e
t,n,b,p,k,e
f,c,n,w,n,p
t,n,b,w,k,e
t,n,b,w,n,e
t,n,b,g,n,e
t,n,b,g,n,e
t,n,b,g,k,e
t,n,b,p,k,e
f,n,b,w,n,e
t,n,b,p,k,e
t,n,b,w,n,e
t,n,b,p,k,e
t,n,b,w,n,e
t,n,b,g,n,e
t,n,b,g,k,e
f,f,b,b,h,p
t,n,b,w,n,e
t,n,b,p,k,e
t,n,b,p,n,e
t,n,b,p,k,e
t,n,b,g,k,e
t,n,b,w,n,e
t,n,b,g,k,e
t,n,b,w,k,e
t,n,b,g,n,e
t,n,b,p,k,e
t,n,b,p,k,e
t,n,b,w,k,e
t,n,b,g,k,e
t,n,b,w,n,e
t,n,b,g,n,e
t,n,b,w,k,e
t,n,b,w,n,e
t,n,b,g,k,e
t,n,b,p,n,e
t,n,b,g,n,e
t,n,b,p,k,e
t,n,b,w,k,e
t,n,b,g,n,e
t,n,b,g,n,e
t,n,b,g,n,e
t,n,b,g,n,e
t,n,b,p,k,e
t,n,b,g,k,e
t,n,b,p,n,e
t,n,b,p,n,e
t,n,b,w,k,e
t,n,b,w,n,e
f,n,b,w,k,e
t,n,b,w,n,e
t,n,b,g,n,e
t,n,b,w,k,e
t,n,b,g,k,e
t,n,b,g,n,e
t,n,b,g,k,e
t,n,b,w,k,e
t,n,b,p,k,e
t,n,b,p,k,e
t,n,b,g,n,e
t,n,b,w,n,e
t,n,b,w,k,e
t,n,b,p,k,e
t,n,b,p,n,e
t,n,b,g,n,e
t,n,b,p,k,e
t,n,b,w,k,e
t,n,b,w,n,e
f,c,n,w,k,p
t,n,b,p,n,e
t,n,b,p,n,e
t,n,b,g,k,e
t,n,b,g,k,e
t,n,b,g,n,e
t,n,b,w,n,e
t,n,b,p,k,e
t,n,b,w,n,e
t,n,b,p,k,e
t,n,b,w,n,e
t,n,b,w,k,e
t,n,b,p,k,e
t,n,b,w,k,e
t,n,b,w,n,e
t,n,b,g,n,e
t,n,b,w,n,e
f,f,b,b,h,p
t,n,b,p,n,e
t,n,b,g,k,e
t,n,b,w,n,e
f,f,b,b,h,p
t,n,b,w,n,e
t,n,b,g,n,e
t,n,b,g,k,e
t,n,b,p,k,e
t,n,b,g,n,e
t,n,b,w,n,e
t,n,b,w,k,e
t,n,b,g,n,e
t,n,b,w,k,e
t,n,b,g,k,e
t,n,b,g,n,e
t,n,b,g,k,e
t,n,b,p,k,e
t,n,b,g,k,e
t,n,b,g,k,e
t,n,b,p,n,e
t,n,b,g,n,e
f,n,b,w,k,e
t,n,b,g,k,e
t,n,b,g,n,e
t,n,b,g,k,e
t,n,b,w,n,e
t,n,b,w,k,e
t,n,b,p,n,e
t,n,b,g,n,e
t,n,b,w,k,e
f,c,n,w,n,p
t,n,b,p,n,e
t,n,b,w,k,e
t,n,b,p,n,e
f,n,b,w,n,e
t,n,b,g,n,e
t,n,b,w,n,e
t,n,b,p,n,e
t,n,b,w,k,e
t,n,b,p,k,e
t,n,b,g,k,e
t,n,b,g,n,e
t,n,b,w,n,e
t,n,b,w,k,e
t,n,b,p,n,e
t,n,b,w,n,e
t,n,b,g,n,e
t,n,b,g,n,e
t,n,b,g,n,e
t,n,b,g,k,e
f,n,b,w,k,e
t,n,b,w,n,e
t,n,b,g,n,e
t,n,b,p,k,e
t,n,b,g,n,e
t,n,b,p,n,e
t,n,b,p,k,e
t,n,b,w,k,e
t,n,b,p,n,e
t,n,b,p,k,e
t,n,b,w,k,e
t,n,b,g,n,e
t,n,b,w,n,e
t,n,b,w,k,e
t,n,b,p,k,e
t,n,b,w,n,e
t,n,b,p,k,e
t,n,b,w,k,e
t,n,b,p,n,e
t,n,b,w,n,e
t,n,b,p,n,e
t,n,b,g,k,e
t,n,b,p,k,e
t,n,b,g,k,e
f,c,n,w,k,p
t,n,b,g,n,e
t,n,b,w,n,e
f,n,b,w,n,e
t,n,b,p,k,e
t,n,b,p,k,e
t,n,b,p,k,e
t,n,b,p,n,e
t,n,b,g,n,e
t,n,b,g,k,e
t,n,b,g,n,e
t,n,b,p,n,e
t,n,b,g,n,e
t,n,b,g,n,e
t,n,b,g,n,e
t,n,b,w,n,e
t,n,b,p,k,e
t,n,b,g,k,e
t,n,b,p,n,e
f,c,n,w,k,p
t,n,b,p,k,e
t,n,b,g,k,e
t,n,b,g,k,e
t,n,b,g,k,e
t,n,b,g,k,e
t,n,b,g,n,e
t,n,b,p,n,e
t,n,b,p,n,e
t,n,b,g,k,e
t,n,b,w,k,e
t,n,b,p,n,e
t,n,b,p,n,e
t,n,b,p,k,e
t,n,b,w,n,e
t,n,b,w,n,e
t,n,b,g,k,e
t,n,b,w,n,e
t,n,b,g,n,e
t,n,b,g,n,e
t,n,b,g,n,e
f,n,b,w,k,e
t,n,b,w,k,e
t,n,b,w,n,e
t,n,b,p,k,e
t,n,b,w,k,e
t,n,b,p,k,e
f,c,n,w,k,p
t,n,b,p,k,e
t,n,b,w,k,e
f,n,b,w,k,e
t,n,b,w,k,e
f,c,n,w,n,p
t,n,b,g,k,e
t,n,b,p,k,e
t,n,b,w,k,e
t,n,b,p,k,e
t,n,b,g,k,e
t,n,b,w,n,e
t,n,b,g,k,e
t,n,b,g,n,e
t,n,b,g,n,e
t,n,b,p,n,e
f,f,b,n,h,p
t,n,b,w,n,e
t,n,b,w,k,e
t,n,b,p,k,e
t,n,b,p,k,e
t,n,b,w,k,e
t,n,b,w,n,e
t,n,b,g,n,e
t,n,b,g,n,e
t,n,b,g,n,e
t,n,b,p,k,e
t,n,b,p,k,e
t,n,b,g,n,e
t,n,b,w,n,e
t,n,b,p,k,e
t,n,b,w,k,e
t,n,b,w,n,e
t,n,b,g,k,e
t,n,b,g,n,e
t,n,b,p,k,e
t,n,b,g,k,e
t,n,b,p,k,e
t,n,b,w,n,e
f,f,b,b,h,p
t,n,b,w,k,e
t,n,b,g,n,e
t,n,b,w,n,e
t,n,b,g,n,e
t,n,b,w,k,e
t,n,b,g,k,e
t,n,b,p,k,e
t,n,b,g,k,e
t,n,b,w,k,e
t,n,b,g,n,e
f,f,b,p,h,p
t,n,b,p,n,e
t,n,b,g,k,e
t,n,b,g,n,e
t,n,b,p,n,e
t,n,b,w,n,e
t,n,b,w,n,e
t,n,b,w,k,e
t,n,b,w,n,e
t,n,b,w,k,e
t,n,b,p,k,e
t,n,b,p,n,e
t,n,b,w,n,e
t,n,b,p,k,e
t,n,b,p,n,e
t,n,b,p,k,e
t,n,b,g,n,e
t,n,b,w,n,e
t,n,b,w,n,e
t,n,b,p,k,e
t,n,b,g,k,e
t,n,b,w,n,e
t,n,b,p,k,e
t,n,b,g,k,e
t,n,b,g,n,e
t,n,b,w,n,e
t,n,b,p,n,e
t,n,b,p,k,e
t,n,b,w,n,e
f,n,b,w,n,e
t,n,b,w,k,e
t,n,b,g,n,e
t,n,b,g,n,e
t,n,b,g,k,e
t,n,b,p,k,e
t,n,b,w,k,e
t,n,b,w,n,e
t,n,b,p,n,e
t,n,b,p,k,e
t,n,b,p,k,e
t,n,b,g,n,e
t,n,b,w,k,e
t,n,b,w,n,e
t,n,b,w,n,e
t,n,b,p,n,e
t,n,b,g,n,e
t,n,b,w,n,e
t,n,b,w,k,e
t,n,b,g,k,e
t,n,b,g,k,e
t,n,b,g,k,e
t,n,b,w,n,e
t,n,b,w,k,e
f,f,b,b,h,p
t,n,b,w,k,e
t,n,b,g,n,e
t,n,b,g,n,e
t,n,b,w,k,e
t,n,b,g,k,e
t,n,b,g,k,e
t,n,b,g,k,e
t,n,b,g,k,e
t,n,b,w,n,e
t,n,b,g,k,e
f,f,b,b,h,p
t,n,b,g,n,e
f,f,b,b,h,p
f,c,n,w,k,p
t,n,b,p,n,e
t,n,b,g,n,e
t,n,b,w,k,e
t,n,b,g,k,e
f,f,b,p,h,p
t,n,b,w,n,e
t,n,b,p,k,e
t,n,b,p,n,e
f,c,n,w,n,p
t,n,b,p,n,e
t,n,b,w,k,e
f,f,b,p,h,p
f,f,b,p,h,p
t,n,b,g,n,e
t,n,b,g,k,e
t,n,b,p,k,e
t,n,b,w,k,e
t,n,b,g,n,e
t,n,b,g,n,e
t,n,b,g,n,e
t,n,b,g,k,e
f,c,n,w,k,p
f,f,b,n,h,p
t,n,b,w,n,e
t,n,b,g,k,e
t,n,b,g,k,e
t,n,b,w,n,e
t,n,b,g,k,e
t,n,b,p,n,e
f,f,b,b,h,p
t,n,b,g,n,e
t,n,b,p,n,e
f,c,n,w,n,p
t,n,b,g,k,e
t,n,b,w,k,e
f,f,b,b,h,p
f,f,b,p,h,p
t,n,b,p,k,e
t,n,b,w,k,e
t,n,b,w,n,e
t,n,b,w,n,e
t,n,b,p,k,e
f,c,n,w,n,p
t,n,b,p,k,e
t,n,b,p,k,e
t,n,b,p,k,e
t,n,b,g,k,e
f,c,n,w,k,p
t,n,b,w,n,e
t,n,b,g,n,e
t,n,b,p,n,e
t,n,b,w,k,e
f,c,n,w,n,p
f,c,n,w,k,p
t,n,b,g,k,e
f,f,b,p,h,p
f,c,n,w,k,p
f,f,b,b,h,p
t,n,b,p,n,e
f,f,b,n,h,p
t,n,b,p,n,e
t,n,b,p,k,e
t,n,b,w,k,e
f,c,n,w,n,p
f,f,b,n,h,p
t,n,b,w,k,e
t,n,b,p,k,e
t,n,b,p,k,e
f,f,b,n,h,p
t,n,b,w,n,e
f,f,b,p,h,p
t,n,b,w,n,e
t,n,b,w,k,e
f,f,b,p,h,p
t,n,b,p,k,e
t,n,b,g,n,e
t,n,b,p,n,e
f,f,b,p,h,p
t,n,b,w,n,e
t,n,b,g,k,e
f,f,b,n,h,p
t,n,b,g,k,e
f,f,b,p,h,p
t,n,b,w,n,e
f,f,b,b,h,p
f,f,b,n,h,p
f,f,b,b,h,p
t,n,b,g,n,e
f,f,b,n,h,p
t,n,b,p,n,e
f,c,n,w,n,p
t,n,b,p,k,e
f,c,n,w,n,p
t,n,b,g,n,e
t,n,b,g,n,e
t,n,b,g,k,e
t,n,b,w,k,e
f,f,b,b,h,p
f,f,b,n,h,p
f,c,n,w,k,p
t,n,b,g,k,e
t,n,b,g,k,e
t,n,b,p,k,e
t,n,b,p,k,e
f,f,b,p,h,p
f,c,n,w,k,p
t,n,b,w,k,e
t,n,b,g,n,e
t,n,b,g,k,e
t,n,b,p,n,e
t,n,b,g,k,e
t,n,b,g,k,e
t,n,b,g,k,e
f,c,n,w,k,p
f,c,n,w,n,p
t,n,b,p,k,e
t,n,b,g,n,e
f,f,b,n,h,p
t,n,b,w,k,e
f,c,n,w,k,p
t,n,b,p,n,e
t,n,b,w,k,e
t,n,b,w,n,e
t,n,b,p,n,e
t,n,b,p,n,e
t,n,b,g,k,e
t,n,b,w,n,e
t,n,b,w,k,e
t,n,b,g,n,e
t,n,b,w,k,e
t,n,b,w,k,e
t,n,b,g,k,e
t,n,b,w,n,e
f,f,b,n,h,p
t,n,b,p,n,e
t,n,b,p,k,e
f,f,b,p,h,p
t,n,b,p,k,e
t,n,b,w,k,e
t,n,b,g,n,e
t,n,b,g,n,e
t,n,b,g,k,e
f,c,n,w,n,p
f,c,n,w,n,p
t,n,b,w,k,e
t,n,b,w,k,e
t,n,b,g,n,e
f,f,b,n,h,p
t,n,b,g,n,e
t,n,b,w,k,e
t,n,b,w,k,e
f,c,n,w,n,p
t,n,b,w,k,e
t,n,b,p,k,e
f,f,b,p,h,p
t,n,b,w,k,e
f,f,b,n,h,p
f,c,n,w,k,p
t,n,b,p,k,e
f,f,b,n,h,p
f,c,n,w,n,p
f,f,b,p,h,p
t,n,b,p,n,e
f,f,b,n,h,p
f,c,n,w,n,p
t,n,b,g,n,e
t,n,b,g,k,e
t,n,b,w,n,e
f,f,b,n,h,p
f,c,n,w,k,p
t,n,b,g,n,e
t,n,b,p,k,e
t,n,b,w,k,e
t,n,b,g,k,e
f,f,b,n,h,p
t,n,b,w,n,e
f,c,n,w,k,p
f,c,n,w,k,p
t,n,b,g,n,e
t,n,b,g,n,e
t,n,b,g,k,e
t,n,b,g,k,e
f,f,b,b,h,p
f,f,b,n,h,p
t,n,b,w,k,e
f,f,b,p,h,p
f,c,n,w,k,p
t,n,b,g,n,e
f,f,b,b,h,p
t,n,b,g,k,e
t,n,b,w,n,e
t,n,b,w,k,e
t,n,b,g,k,e
t,n,b,w,n,e
f,f,b,b,h,p
t,n,b,p,n,e
f,f,b,n,h,p
t,n,b,g,n,e
t,n,b,p,k,e
t,n,b,g,n,e
f,f,b,b,h,p
t,n,b,p,k,e
t,n,b,g,k,e
f,f,b,n,h,p
f,c,n,w,n,p
t,n,b,w,k,e
f,f,b,n,h,p
t,n,b,p,n,e
t,n,b,p,n,e
t,n,b,w,k,e
t,n,b,w,n,e
t,n,b,g,k,e
t,n,b,p,n,e
f,c,n,w,k,p
t,n,b,w,n,e
t,n,b,w,n,e
t,n,b,p,n,e
t,n,b,w,n,e
t,n,b,g,k,e
t,n,b,w,n,e
t,n,b,g,n,e
f,f,b,p,h,p
f,c,n,w,k,p
t,n,b,p,k,e
t,n,b,g,k,e
t,n,b,w,n,e
f,f,b,p,h,p
f,c,n,w,n,p
f,f,b,n,h,p
t,n,b,p,k,e
f,f,b,b,h,p
t,n,b,w,n,e
t,n,b,w,n,e
t,n,b,g,k,e
f,f,b,b,h,p
t,n,b,p,k,e
t,n,b,p,k,e
f,c,n,w,k,p
f,f,b,b,h,p
t,n,b,p,k,e
f,f,b,p,h,p
f,f,b,n,h,p
t,n,b,w,n,e
f,f,b,b,h,p
t,n,b,p,n,e
t,n,b,w,k,e
t,n,b,g,n,e
t,n,b,p,k,e
f,c,n,w,n,p
t,n,b,p,k,e
t,n,b,p,n,e
t,n,b,g,n,e
t,n,b,g,k,e
f,c,n,w,n,p
f,f,b,n,h,p
t,n,b,g,k,e
t,n,b,w,k,e
f,c,n,w,n,p
t,n,b,w,n,e
f,f,b,p,h,p
f,f,b,b,h,p
t,n,b,p,n,e
t,n,b,p,n,e
f,c,n,w,n,p
f,f,b,n,h,p
f,c,n,w,n,p
t,n,b,g,k,e
t,n,b,w,k,e
t,n,b,g,n,e
f,f,b,p,h,p
t,n,b,g,k,e
f,c,n,w,k,p
f,f,b,n,h,p
t,n,b,p,n,e
t,n,b,g,n,e
f,f,b,b,h,p
f,f,b,n,h,p
f,c,n,w,k,p
t,n,b,w,k,e
f,f,b,b,h,p
t,n,b,p,n,e
t,n,b,w,n,e
t,n,b,g,n,e
t,n,b,w,n,e
t,n,b,w,k,e
t,n,b,g,k,e
t,n,b,w,n,e
f,c,n,w,k,p
t,n,b,g,n,e
t,n,b,g,k,e
f,c,n,w,n,p
t,n,b,g,k,e
t,n,b,w,k,e
f,f,b,p,h,p
t,n,b,w,n,e
f,f,b,p,h,p
t,n,b,p,n,e
t,n,b,p,n,e
t,n,b,p,n,e
f,f,b,b,h,p
t,n,b,g,n,e
f,c,n,w,k,p
t,n,b,w,n,e
t,n,b,p,k,e
t,n,b,p,n,e
t,n,b,p,n,e
t,n,b,p,n,e
t,n,b,w,n,e
f,f,b,p,h,p
t,n,b,w,k,e
t,n,b,w,n,e
t,n,b,p,n,e
t,n,b,p,n,e
t,n,b,p,k,e
t,n,b,w,k,e
t,n,b,g,n,e
t,n,b,w,k,e
f,c,n,w,n,p
f,f,b,n,h,p
t,n,b,g,n,e
t,n,b,g,n,e
f,c,n,w,k,p
f,c,n,w,n,p
f,f,b,b,h,p
t,n,b,w,k,e
t,n,b,w,k,e
f,c,n,w,k,p
t,n,b,g,n,e
t,n,b,p,k,e
f,f,b,b,h,p
t,n,b,g,k,e
t,n,b,g,k,e
f,c,n,w,k,p
t,n,b,p,n,e
f,f,b,p,h,p
t,n,b,w,k,e
f,f,b,n,h,p
t,n,b,g,k,e
t,n,b,g,k,e
t,n,b,p,n,e
t,n,b,w,k,e
f,c,n,w,k,p
t,n,b,w,n,e
t,n,b,p,k,e
f,f,b,n,h,p
t,n,b,g,n,e
f,c,n,w,n,p
f,f,b,p,h,p
t,n,b,w,k,e
t,n,b,p,n,e
t,n,b,w,k,e
t,n,b,w,n,e
f,c,n,w,k,p
f,f,b,p,h,p
f,c,n,w,n,p
t,n,b,w,n,e
t,n,b,p,n,e
f,f,b,b,h,p
f,f,b,n,h,p
t,n,b,g,n,e
f,c,n,w,n,p
f,c,n,w,k,p
t,n,b,w,k,e
t,n,b,g,n,e
t,n,b,p,k,e
t,n,b,w,k,e
f,c,n,w,n,p
f,f,b,n,h,p
t,n,b,w,k,e
t,n,b,w,n,e
t,n,b,w,k,e
t,n,b,w,n,e
t,n,b,g,n,e
t,n,b,g,k,e
f,f,b,b,h,p
t,n,b,w,k,e
f,c,n,w,n,p
t,n,b,w,n,e
t,n,b,g,k,e
t,n,b,g,n,e
t,n,b,p,k,e
t,n,b,w,k,e
t,n,b,g,n,e
f,c,n,w,n,p
f,f,b,p,h,p
f,c,n,w,k,p
t,n,b,w,n,e
t,n,b,g,n,e
f,c,n,w,n,p
t,n,b,p,k,e
f,c,n,w,k,p
t,n,b,p,n,e
f,c,n,w,k,p
t,n,b,g,n,e
f,f,b,p,h,p
f,c,n,w,k,p
t,n,b,g,n,e
f,f,b,p,h,p
f,c,n,w,k,p
t,n,b,p,k,e
f,c,n,w,n,p
t,n,b,g,n,e
t,n,b,p,k,e
t,n,b,g,n,e
t,n,b,g,k,e
t,n,b,g,n,e
f,c,n,w,n,p
t,n,b,w,k,e
t,n,b,p,n,e
t,n,b,g,n,e
t,n,b,w,n,e
t,n,b,p,k,e
f,f,b,n,h,p
f,c,n,w,n,p
t,n,b,g,k,e
t,n,b,p,n,e
f,c,n,w,k,p
t,n,b,w,k,e
t,n,b,g,k,e
t,n,b,p,k,e
f,f,b,n,h,p
f,c,n,w,k,p
t,n,b,g,n,e
t,n,b,g,n,e
t,n,b,g,k,e
t,n,b,p,n,e
t,n,b,p,k,e
f,f,b,n,h,p
t,n,b,p,k,e
t,n,b,g,n,e
f,c,n,w,n,p
t,n,b,w,n,e
f,f,b,p,h,p
t,n,b,p,k,e
f,f,b,b,h,p
t,n,b,w,k,e
f,c,n,w,n,p
t,n,b,p,n,e
f,c,n,w,n,p
f,c,n,w,n,p
t,n,b,p,n,e
f,c,n,w,n,p
f,f,b,b,h,p
t,n,b,w,n,e
t,n,b,p,k,e
t,n,b,w,k,e
f,f,b,p,h,p
f,c,n,w,n,p
f,f,b,p,h,p
f,c,n,w,n,p
t,n,b,g,k,e
t,n,b,w,k,e
f,c,n,w,k,p
t,n,b,g,k,e
t,n,b,w,k,e
t,n,b,g,k,e
t,n,b,p,k,e
t,n,b,p,k,e
f,c,n,w,k,p
t,n,b,g,n,e
f,f,b,n,h,p
t,n,b,w,n,e
t,n,b,p,n,e
f,c,n,w,n,p
f,c,n,w,n,p
t,n,b,g,n,e
t,n,b,p,k,e
t,n,b,g,k,e
f,f,b,n,h,p
t,n,b,w,k,e
t,n,b,p,k,e
t,n,b,g,n,e
f,c,n,w,k,p
t,n,b,w,n,e
f,f,b,p,h,p
t,n,b,p,k,e
t,n,b,p,k,e
t,n,b,w,k,e
f,c,n,w,n,p
f,c,n,w,n,p
t,n,b,p,k,e
t,n,b,w,k,e
t,n,b,p,k,e
f,f,b,n,h,p
t,n,b,g,k,e
f,f,b,p,h,p
t,n,b,g,n,e
f,f,b,n,h,p
t,n,b,p,n,e
t,n,b,w,k,e
t,n,b,w,n,e
f,f,b,p,h,p
t,n,b,g,k,e
t,n,b,g,n,e
t,n,b,p,n,e
f,c,n,w,k,p
t,n,b,w,k,e
t,n,b,p,k,e
t,n,b,w,n,e
t,n,b,g,k,e
t,n,b,p,k,e
f,f,b,p,h,p
t,n,b,p,k,e
f,f,b,b,h,p
t,n,b,g,k,e
t,n,b,p,n,e
f,f,b,b,h,p
t,n,b,w,n,e
f,f,b,n,h,p
t,n,b,p,k,e
f,c,n,w,n,p
t,n,b,p,k,e
t,n,b,g,k,e
t,n,b,g,k,e
t,n,b,p,k,e
t,n,b,p,n,e
f,c,n,w,k,p
f,f,b,b,h,p
t,n,b,p,n,e
t,n,b,w,n,e
f,c,n,w,n,p
t,n,b,g,n,e
t,n,b,p,k,e
t,n,b,p,k,e
t,n,b,w,k,e
t,n,b,p,n,e
f,c,n,w,n,p
t,n,b,g,k,e
f,f,b,b,h,p
t,n,b,p,k,e
t,n,b,g,k,e
f,c,n,w,k,p
t,n,b,p,n,e
t,n,b,w,n,e
f,f,b,p,h,p
t,n,b,g,n,e
t,n,b,p,n,e
t,n,b,p,k,e
f,c,n,w,n,p
f,f,b,p,h,p
t,n,b,p,k,e
t,n,b,g,k,e
f,c,n,w,n,p
t,n,b,w,n,e
t,n,b,w,k,e
t,n,b,g,k,e
t,n,b,w,n,e
t,n,b,w,n,e
t,n,b,g,n,e
f,c,n,w,k,p
t,n,b,w,k,e
f,f,b,n,h,p
f,c,n,w,n,p
t,n,b,w,k,e
f,f,b,n,h,p
f,c,n,w,k,p
t,n,b,p,k,e
t,n,b,g,k,e
t,n,b,g,n,e
t,n,b,g,n,e
f,f,b,b,h,p
t,n,b,g,n,e
f,f,b,b,h,p
t,n,b,g,n,e
t,n,b,p,n,e
f,f,b,n,h,p
t,n,b,p,k,e
f,f,b,p,h,p
t,n,b,g,n,e
t,n,b,w,n,e
t,n,b,g,k,e
t,n,b,w,n,e
t,n,b,g,k,e
t,n,b,g,n,e
t,n,b,g,n,e
t,n,b,p,n,e
f,f,b,b,h,p
t,n,b,w,k,e
f,c,n,w,k,p
t,n,b,g,n,e
t,n,b,w,k,e
t,n,b,p,k,e
t,n,b,p,k,e
t,n,b,p,n,e
t,n,b,g,n,e
f,c,n,w,k,p
t,n,b,p,n,e
t,n,b,w,k,e
t,n,b,p,k,e
f,f,b,n,h,p
t,n,b,p,n,e
t,n,b,g,k,e
f,f,b,p,h,p
t,n,b,p,k,e
f,f,b,p,h,p
t,n,b,w,k,e
t,n,b,g,k,e
t,n,b,p,k,e
t,n,b,w,k,e
f,f,b,b,h,p
f,c,n,w,k,p
f,f,b,b,h,p
f,f,b,b,h,p
f,f,b,b,h,p
t,n,b,w,k,e
f,f,b,b,h,p
t,n,b,w,k,e
t,n,b,p,n,e
t,n,b,w,k,e
f,f,b,n,h,p
t,n,b,w,k,e
f,c,n,w,n,p
t,n,b,w,n,e
t,n,b,g,k,e
t,n,b,w,k,e
t,n,b,w,n,e
f,f,b,p,h,p
f,f,b,p,h,p
t,n,b,p,k,e
t,n,b,p,n,e
f,f,b,p,h,p
t,n,b,p,n,e
f,c,n,w,n,p
t,n,b,w,n,e
t,n,b,g,k,e
f,f,b,n,h,p
t,n,b,g,k,e
f,c,n,w,k,p
f,f,b,b,h,p
t,n,b,w,n,e
f,f,b,n,h,p
t,n,b,p,k,e
t,n,b,p,n,e
t,n,b,g,n,e
t,n,b,w,n,e
t,n,b,w,n,e
t,n,b,g,k,e
t,n,b,w,k,e
t,n,b,p,k,e
f,f,b,p,h,p
t,n,b,p,k,e
t,n,b,g,n,e
f,f,b,n,h,p
f,f,b,p,h,p
f,f,b,b,h,p
t,n,b,g,n,e
t,n,b,w,k,e
f,f,b,n,h,p
f,f,b,p,h,p
f,f,b,b,h,p
t,n,b,p,n,e
f,c,n,w,n,p
t,n,b,p,n,e
f,f,b,n,h,p
t,n,b,g,n,e
t,n,b,w,k,e
f,f,b,b,h,p
t,n,b,w,k,e
f,c,n,w,n,p
t,n,b,w,k,e
t,n,b,p,n,e
t,n,b,p,n,e
f,f,b,p,h,p
t,n,b,w,n,e
t,n,b,w,n,e
f,c,n,w,k,p
t,n,b,w,k,e
t,n,b,g,k,e
t,n,b,w,n,e
t,n,b,g,n,e
f,f,b,b,h,p
t,n,b,p,n,e
t,n,b,w,k,e
t,n,b,p,k,e
f,c,n,w,k,p
t,n,b,p,k,e
t,n,b,g,k,e
t,n,b,w,k,e
f,c,n,w,k,p
f,f,b,n,h,p
t,n,b,w,n,e
f,f,b,p,h,p
f,c,n,w,n,p
t,n,b,g,k,e
t,n,b,w,n,e
t,n,b,w,n,e
t,n,b,w,n,e
f,c,n,w,n,p
t,n,b,w,n,e
f,f,b,p,h,p
t,n,b,g,n,e
t,n,b,p,n,e
f,c,n,w,k,p
t,n,b,w,n,e
f,c,n,w,n,p
t,n,b,w,n,e
f,f,b,b,h,p
t,n,b,g,k,e
f,c,n,w,n,p
f,f,b,p,h,p
t,n,b,w,n,e
t,n,b,g,k,e
f,c,n,w,n,p
f,f,b,n,h,p
t,n,b,w,n,e
f,f,b,n,h,p
t,n,b,p,k,e
t,n,b,w,k,e
f,f,b,b,h,p
t,n,b,w,k,e
t,n,b,w,k,e
t,n,b,g,n,e
t,n,b,g,k,e
f,f,b,p,h,p
t,n,b,g,n,e
t,n,b,p,k,e
t,n,b,p,n,e
t,n,b,p,n,e
t,n,b,g,k,e
f,f,b,b,h,p
f,c,n,w,n,p
f,f,b,n,h,p
t,n,b,p,n,e
t,n,b,p,k,e
t,n,b,p,n,e
t,n,b,p,n,e
t,n,b,g,n,e
t,n,b,g,k,e
t,n,b,w,k,e
f,f,b,n,h,p
t,n,b,p,n,e
t,n,b,w,n,e
f,f,b,p,h,p
f,c,n,w,k,p
f,c,n,w,k,p
t,n,b,w,n,e
f,f,b,p,h,p
f,c,n,w,n,p
t,n,b,g,n,e
t,n,b,w,n,e
t,n,b,g,k,e
f,f,b,b,h,p
t,n,b,g,n,e
t,n,b,w,n,e
t,n,b,p,n,e
f,f,b,p,h,p
f,c,n,w,n,p
t,n,b,w,k,e
f,c,n,w,n,p
f,c,n,w,n,p
f,f,b,p,h,p
t,n,b,w,n,e
t,n,b,g,k,e
f,f,b,b,h,p
t,n,b,g,k,e
t,n,b,w,n,e
t,n,b,p,n,e
t,n,b,g,n,e
t,n,b,w,k,e
t,n,b,w,k,e
t,n,b,p,k,e
t,n,b,g,n,e
t,n,b,p,n,e
t,n,b,w,n,e
t,n,b,w,k,e
t,n,b,p,n,e
t,n,b,w,n,e
t,n,b,g,n,e
t,n,b,g,k,e
t,n,b,w,k,e
f,f,b,n,h,p
t,n,b,w,n,e
t,n,b,w,k,e
t,n,b,p,n,e
t,n,b,g,k,e
t,n,b,p,n,e
f,f,b,p,h,p
t,n,b,p,n,e
f,f,b,p,h,p
t,n,b,p,n,e
t,n,b,g,n,e
t,n,b,p,k,e
f,f,b,p,h,p
t,n,b,g,n,e
t,n,b,g,n,e
f,f,b,b,h,p
t,n,b,g,k,e
f,c,n,w,k,p
t,n,b,p,n,e
f,c,n,w,k,p
t,n,b,w,k,e
f,c,n,w,n,p
t,n,b,p,n,e
t,n,b,w,n,e
t,n,b,p,k,e
t,n,b,g,n,e
f,c,n,w,k,p
t,n,b,p,k,e
t,n,b,g,k,e
f,c,n,w,k,p
t,n,b,p,k,e
f,c,n,w,n,p
t,n,b,p,k,e
f,f,b,b,h,p
t,n,b,g,n,e
f,f,b,n,h,p
t,n,b,p,k,e
t,n,b,p,n,e
t,n,b,p,k,e
f,c,n,w,k,p
f,f,b,n,h,p
t,n,b,g,n,e
t,n,b,w,k,e
t,n,b,w,k,e
t,n,b,g,n,e
t,n,b,w,k,e
t,n,b,w,n,e
f,f,b,n,h,p
t,n,b,g,n,e
t,n,b,w,k,e
t,n,b,p,k,e
f,c,n,w,k,p
t,n,b,g,k,e
t,n,b,w,n,e
f,f,b,n,h,p
t,n,b,p,n,e
f,c,n,w,k,p
t,n,b,p,k,e
f,c,n,w,k,p
f,f,b,p,h,p
f,f,b,b,h,p
t,n,b,g,n,e
t,n,b,w,n,e
t,n,b,p,n,e
t,n,b,w,k,e
f,f,b,b,h,p
t,n,b,p,n,e
t,n,b,g,k,e
f,f,b,n,h,p
t,n,b,w,k,e
f,c,n,w,n,p
t,n,b,g,k,e
t,n,b,g,n,e
t,n,b,p,n,e
t,n,b,w,k,e
t,n,b,w,n,e
t,n,b,p,k,e
f,c,n,w,k,p
t,n,b,w,n,e
f,f,b,b,h,p
t,n,b,w,k,e
t,n,b,g,n,e
t,n,b,p,n,e
f,c,n,w,n,p
f,c,n,w,n,p
t,n,b,w,n,e
t,n,b,p,k,e
t,n,b,g,k,e
t,n,b,g,n,e
f,f,b,n,h,p
f,c,n,w,k,p
t,n,b,w,k,e
t,n,b,g,k,e
f,c,n,w,k,p
f,c,n,w,k,p
t,n,b,p,k,e
f,f,b,b,h,p
f,c,n,w,n,p
f,f,b,n,h,p
f,c,n,w,n,p
t,n,b,p,k,e
f,c,n,w,k,p
t,n,b,g,n,e
f,c,n,w,k,p
f,c,n,w,k,p
t,n,b,g,k,e
f,c,n,w,k,p
f,c,n,w,k,p
t,n,b,w,n,e
t,n,b,g,n,e
f,c,n,w,n,p
t,n,b,w,k,e
f,c,n,w,n,p
t,n,b,g,k,e
f,f,b,n,h,p
f,f,b,b,h,p
t,n,b,p,k,e
f,f,b,n,h,p
t,n,b,g,n,e
f,f,b,n,h,p
f,f,b,n,h,p
t,n,b,w,k,e
t,n,b,g,k,e
f,c,n,w,n,p
t,n,b,w,n,e
f,f,b,b,h,p
f,f,b,n,h,p
f,f,b,n,h,p
f,f,b,p,h,p
f,c,n,w,n,p
f,f,b,b,h,p
f,f,b,b,h,p
f,f,b,n,h,p
f,f,b,p,h,p
f,f,b,n,h,p
t,n,b,w,k,e
f,f,b,b,h,p
f,f,b,n,h,p
f,f,b,p,h,p
t,n,b,w,k,e
t,n,b,w,n,e
t,n,b,w,n,e
f,f,b,n,h,p
f,f,b,b,h,p
f,f,b,n,h,p
t,n,b,p,k,e
f,f,b,n,h,p
t,n,b,g,k,e
t,n,b,g,k,e
t,n,b,g,n,e
f,f,b,b,h,p
f,f,b,b,h,p
f,f,b,b,h,p
t,n,b,g,n,e
f,f,b,p,h,p
f,f,b,p,h,p
f,f,b,p,h,p
f,f,b,p,h,p
f,f,b,n,h,p
f,f,b,b,h,p
f,c,n,w,n,p
f,f,b,n,h,p
t,n,b,g,k,e
t,n,b,g,k,e
f,c,n,w,n,p
f,f,b,b,h,p
f,f,b,b,h,p
t,n,b,w,k,e
t,n,b,w,n,e
f,f,b,b,h,p
t,n,b,w,n,e
f,f,b,n,h,p
f,f,b,n,h,p
t,n,b,g,n,e
f,f,b,n,h,p
f,f,b,n,h,p
f,f,b,p,h,p
f,f,b,p,h,p
f,c,n,w,n,p
f,c,n,w,k,p
f,f,b,b,h,p
f,f,b,b,h,p
f,f,b,p,h,p
t,n,b,w,n,e
t,f,b,w,h,p
f,f,b,p,h,p
t,n,b,p,k,e
f,f,b,p,h,p
f,f,b,b,h,p
f,f,b,b,h,p
f,f,b,b,h,p
f,f,b,b,h,p
f,f,b,n,h,p
f,f,b,p,h,p
f,c,n,w,k,p
f,f,b,b,h,p
f,f,b,b,h,p
t,n,b,p,n,e
t,n,b,p,k,e
f,f,b,n,h,p
f,c,n,w,n,p
f,f,b,n,h,p
f,f,b,b,h,p
f,c,n,w,k,p
t,n,b,w,n,e
f,f,b,b,h,p
f,c,n,w,k,p
t,f,b,w,h,p
f,f,b,n,h,p
t,n,b,e,w,e
f,f,b,n,h,p
f,f,b,p,h,p
f,f,b,n,h,p
f,f,b,p,h,p
t,n,b,p,n,e
f,f,b,p,h,p
f,f,b,p,h,p
f,f,b,n,h,p
f,c,n,w,n,p
f,c,n,w,n,p
f,f,b,p,h,p
t,f,b,w,h,p
f,f,b,p,h,p
t,n,b,p,k,e
f,f,b,b,h,p
t,n,b,p,k,e
f,f,b,p,h,p
t,n,b,g,k,e
t,n,b,g,k,e
f,f,b,n,h,p
f,f,b,b,h,p
t,n,b,g,n,e
f,f,b,b,h,p
t,n,b,p,k,e
t,n,b,w,k,e
t,n,b,g,n,e
f,f,b,n,h,p
t,n,b,g,k,e
f,f,b,p,h,p
f,f,b,p,h,p
f,f,b,b,h,p
f,f,b,n,h,p
f,f,b,n,h,p
t,n,b,g,n,e
t,n,b,g,n,e
f,f,b,b,h,p
f,f,b,p,h,p
f,f,b,p,h,p
f,y,n,w,w,p
f,f,b,n,h,p
f,f,b,p,h,p
f,c,n,w,n,p
f,f,b,p,h,p
t,f,b,w,h,p
f,f,b,n,h,p
f,f,b,p,h,p
f,c,n,w,k,p
f,f,b,p,h,p
t,n,b,w,k,e
f,f,b,p,h,p
f,f,b,n,h,p
f,f,b,p,h,p
f,f,b,p,h,p
f,f,b,n,h,p
t,n,b,g,k,e
f,f,b,p,h,p
t,n,b,w,n,e
f,f,b,b,h,p
f,f,b,p,h,p
f,f,b,b,h,p
f,c,n,w,k,p
f,f,b,n,h,p
t,n,b,g,k,e
f,c,n,w,k,p
f,f,b,p,h,p
f,f,b,b,h,p
f,c,n,w,n,p
f,f,b,p,h,p
f,f,b,p,h,p
t,n,b,g,k,e
f,f,b,p,h,p
f,f,b,b,h,p
f,c,n,w,n,p
f,c,n,w,k,p
t,n,b,w,n,e
f,f,b,b,h,p
t,n,b,w,n,e
t,n,b,w,k,e
f,f,b,b,h,p
f,f,b,b,h,p
f,f,b,n,h,p
f,f,b,n,h,p
f,f,b,p,h,p
t,n,b,p,n,e
f,f,b,b,h,p
f,f,b,n,h,p
f,f,b,b,h,p
f,f,b,b,h,p
t,n,b,w,n,e
t,n,b,g,n,e
f,f,b,p,h,p
f,n,n,w,h,e
t,n,b,p,n,e
f,f,b,p,h,p
f,f,b,b,h,p
f,f,b,n,h,p
f,f,b,n,h,p
f,f,b,p,h,p
f,f,b,b,h,p
f,f,b,b,h,p
f,f,b,b,h,p
f,f,b,n,h,p
t,n,b,p,n,e
f,f,b,n,h,p
t,n,b,g,n,e
f,f,b,b,h,p
f,f,b,b,h,p
t,n,b,w,n,e
t,n,b,p,k,e
f,f,b,n,h,p
t,n,b,p,k,e
t,n,b,p,n,e
f,f,b,b,h,p
f,c,n,w,k,p
f,f,b,b,h,p
f,y,n,p,w,p
f,f,b,b,h,p
f,f,b,b,h,p
t,n,b,w,n,e
f,f,n,p,w,p
t,n,b,g,n,e
t,n,b,w,r,p
t,n,b,g,k,e
f,f,b,b,h,p
t,n,b,w,k,e
f,f,b,p,h,p
f,f,b,n,h,p
f,f,b,n,h,p
t,n,b,p,n,e
f,f,b,n,h,p
f,f,b,p,h,p
f,f,b,n,h,p
f,f,b,b,h,p
f,f,b,p,h,p
f,f,b,n,h,p
f,f,b,n,h,p
t,n,b,g,k,e
f,f,b,n,h,p
f,f,b,n,h,p
t,n,b,w,k,e
f,f,b,p,h,p
f,f,b,b,h,p
t,n,b,p,k,e
f,f,b,b,h,p
t,n,b,g,k,e
f,f,b,b,h,p
f,f,b,b,h,p
f,f,b,b,h,p
f,c,n,w,k,p
t,n,b,g,k,e
f,f,b,p,h,p
f,f,b,b,h,p
f,f,b,b,h,p
t,n,b,p,k,e
f,f,b,b,h,p
f,f,b,p,h,p
t,n,b,w,n,e
t,n,b,p,k,e
t,f,b,w,h,p
f,f,b,p,h,p
f,f,b,n,h,p
f,f,b,p,h,p
f,f,b,b,h,p
f,f,b,b,h,p
f,f,b,n,h,p
t,n,b,w,n,e
f,f,b,b,h,p
f,f,b,p,h,p
f,f,b,b,h,p
t,n,b,w,n,e
t,n,b,p,n,e
t,n,b,p,n,e
f,f,b,b,h,p
f,f,b,b,h,p
t,n,b,g,k,e
f,f,b,p,h,p
t,n,b,g,n,e
f,f,b,n,h,p
f,f,b,p,h,p
f,f,b,n,h,p
f,n,n,w,w,e
f,f,b,n,h,p
f,f,b,n,h,p
f,f,b,p,h,p
f,f,b,p,h,p
t,f,b,w,h,p
f,f,b,n,h,p
f,f,b,n,h,p
f,f,b,b,h,p
f,f,b,n,h,p
f,f,b,p,h,p
t,n,b,p,k,e
f,f,b,b,h,p
f,f,b,b,h,p
t,n,b,p,k,e
f,f,b,b,h,p
f,f,b,b,h,p
f,f,b,p,h,p
t,n,b,w,k,e
f,f,b,n,h,p
f,f,b,p,h,p
t,n,b,p,n,e
t,n,b,p,n,e
f,f,b,n,h,p
f,f,b,p,h,p
f,f,b,n,h,p
f,f,b,n,h,p
f,f,b,b,h,p
f,f,b,p,h,p
t,f,b,w,h,p
t,n,b,p,n,e
f,y,n,p,w,p
t,n,b,g,n,e
f,c,n,w,k,p
f,c,n,w,n,p
f,y,n,p,w,p
f,f,b,n,h,p
f,f,b,b,h,p
t,f,b,w,h,p
f,f,b,b,h,p
f,f,b,b,h,p
f,f,b,n,h,p
f,f,b,n,h,p
f,f,b,b,h,p
f,f,b,n,h,p
f,f,b,p,h,p
f,f,b,b,h,p
f,f,b,n,h,p
f,f,b,n,h,p
f,f,b,b,h,p
f,f,b,n,h,p
t,f,b,w,h,p
f,f,b,n,h,p
f,f,b,p,h,p
f,f,b,n,h,p
f,f,b,p,h,p
f,f,b,b,h,p
f,f,b,b,h,p
f,f,b,n,h,p
t,n,b,w,n,e
f,f,b,n,h,p
f,f,b,b,h,p
f,f,b,n,h,p
f,f,b,b,h,p
f,f,b,p,h,p
f,f,b,n,h,p
f,f,b,p,h,p
t,f,b,w,h,p
f,f,b,p,h,p
f,f,b,b,h,p
f,f,b,n,h,p
f,f,b,p,h,p
f,f,b,b,h,p
f,f,b,b,h,p
f,f,b,n,h,p
f,f,b,b,h,p
f,f,b,p,h,p
f,f,b,n,h,p
f,f,b,n,h,p
f,f,b,n,h,p
t,f,b,w,h,p
f,f,b,n,h,p
t,f,b,w,h,p
f,f,b,p,h,p
f,f,b,n,h,p
f,f,b,n,h,p
f,f,b,n,h,p
f,f,b,p,h,p
t,n,b,g,n,e
f,f,b,p,h,p
f,f,b,p,h,p
f,f,b,p,h,p
f,f,b,n,h,p
f,f,b,n,h,p
f,f,b,p,h,p
f,f,b,b,h,p
f,f,b,p,h,p
f,c,n,w,k,p
f,f,b,n,h,p
f,f,b,n,h,p
f,f,b,b,h,p
f,f,b,p,h,p
f,f,b,p,h,p
f,f,b,p,h,p
f,f,b,b,h,p
f,f,b,b,h,p
f,f,b,p,h,p
f,f,b,n,h,p
f,f,b,b,h,p
f,f,b,p,h,p
f,f,b,b,h,p
f,n,n,w,w,e
f,f,b,n,h,p
f,f,b,n,h,p
f,f,b,p,h,p
f,f,b,n,h,p
f,f,b,b,h,p
f,f,b,p,h,p
t,n,b,w,w,e
f,f,b,n,h,p
f,f,b,b,h,p
f,f,b,p,h,p
f,f,b,b,h,p
f,f,b,b,h,p
f,f,b,p,h,p
f,f,b,n,h,p
t,n,b,w,w,e
f,f,b,p,h,p
f,f,b,p,h,p
f,f,b,b,h,p
f,f,b,n,h,p
f,f,b,n,h,p
f,f,b,n,h,p
f,f,b,p,h,p
f,f,b,b,h,p
f,f,b,n,h,p
f,f,b,p,h,p
f,f,b,n,h,p
f,f,b,p,h,p
f,f,b,p,h,p
t,n,b,p,n,e
f,f,b,p,h,p
f,f,b,n,h,p
f,f,b,b,h,p
f,f,b,p,h,p
f,f,b,b,h,p
f,f,b,p,h,p
f,f,b,b,h,p
f,f,b,p,h,p
f,f,b,n,h,p
f,f,b,b,h,p
f,f,b,p,h,p
f,f,b,b,h,p
f,f,b,b,h,p
f,f,b,n,h,p
f,f,b,p,h,p
f,f,b,p,h,p
f,f,b,b,h,p
f,f,b,n,h,p
f,f,b,b,h,p
f,f,b,n,h,p
f,n,n,w,h,e
f,f,b,n,h,p
f,f,b,b,h,p
f,s,n,w,w,p
f,f,b,b,h,p
f,n,n,w,w,p
f,f,b,b,h,p
f,f,b,b,h,p
f,f,b,b,h,p
f,f,b,n,h,p
f,f,b,p,h,p
f,f,b,n,h,p
f,f,b,n,h,p
f,f,b,n,h,p
f,f,b,p,h,p
t,n,b,g,k,e
f,f,b,n,h,p
f,f,b,p,h,p
f,f,b,n,h,p
f,f,b,b,h,p
f,f,b,n,h,p
f,f,b,p,h,p
f,f,b,p,h,p
t,f,b,w,h,p
f,f,b,p,h,p
f,f,b,n,h,p
f,f,b,n,h,p
f,f,b,b,h,p
f,f,b,p,h,p
f,f,b,n,h,p
f,f,b,b,h,p
t,n,b,w,w,e
f,f,b,p,h,p
f,f,b,n,h,p
f,f,b,n,h,p
f,f,b,p,h,p
f,f,b,n,h,p
f,f,b,b,h,p
t,n,n,w,w,p
t,f,b,w,h,p
f,f,b,b,h,p
f,f,b,b,h,p
f,f,b,p,h,p
f,f,b,b,h,p
f,f,b,n,h,p
f,f,b,p,h,p
f,f,b,b,h,p
f,f,b,b,h,p
t,f,b,w,h,p
t,n,b,g,n,e
f,y,n,w,w,p
f,f,b,p,h,p
f,f,b,p,h,p
t,n,b,p,k,e
t,n,b,w,w,e
f,f,b,n,h,p
f,f,b,b,h,p
f,f,b,n,h,p
f,f,b,n,h,p
f,f,b,b,h,p
f,f,b,b,h,p
f,f,b,n,h,p
f,f,b,b,h,p
f,f,b,p,h,p
f,f,b,p,h,p
f,f,b,b,h,p
f,f,b,n,h,p
f,f,b,p,h,p
f,f,b,p,h,p
f,f,b,b,h,p
f,n,n,w,h,e
f,f,b,n,h,p
f,f,b,n,h,p
f,f,b,p,h,p
f,f,b,p,h,p
f,f,b,b,h,p
f,f,b,p,h,p
f,f,b,b,h,p
f,f,b,b,h,p
f,f,b,b,h,p
f,f,b,b,h,p
f,f,b,p,h,p
f,f,b,n,h,p
f,f,b,n,h,p
t,n,b,g,n,e
t,f,b,w,h,p
f,f,b,p,h,p
f,f,b,p,h,p
f,f,b,p,h,p
f,f,b,p,h,p
f,f,b,n,h,p
t,n,b,w,k,e
f,f,b,b,h,p
t,n,b,w,w,e
f,f,b,n,h,p
f,f,b,p,h,p
f,f,b,p,h,p
f,f,b,b,h,p
t,n,b,g,k,e
f,f,b,p,h,p
f,f,b,b,h,p
f,f,b,n,h,p
f,f,b,n,h,p
f,y,n,w,w,p
f,f,b,p,h,p
f,f,b,n,h,p
f,f,b,n,h,p
f,f,b,n,h,p
f,f,b,b,h,p
f,f,b,b,h,p
f,f,b,b,h,p
f,f,b,b,h,p
f,c,n,w,k,p
f,f,b,b,h,p
t,f,b,w,h,p
f,f,b,n,h,p
f,f,b,p,h,p
f,f,b,n,h,p
t,n,b,p,k,e
f,f,b,b,h,p
f,f,b,n,h,p
f,f,b,n,h,p
f,f,b,b,h,p
f,f,b,b,h,p
f,f,b,b,h,p
t,n,b,g,n,e
f,f,b,n,h,p
f,f,b,b,h,p
f,f,b,p,h,p
f,f,b,p,h,p
f,f,b,n,h,p
f,f,b,p,h,p
f,f,b,b,h,p
t,n,b,e,w,e
f,f,b,b,h,p
f,s,n,p,w,p
f,f,b,n,h,p
f,f,b,n,h,p
f,f,b,b,h,p
f,f,b,p,h,p
f,f,b,b,h,p
f,f,b,n,h,p
f,f,b,n,h,p
t,f,b,w,h,p
f,f,b,p,h,p
f,f,b,p,h,p
f,f,b,p,h,p
f,f,b,n,h,p
f,f,b,b,h,p
f,f,b,n,h,p
f,f,b,b,h,p
f,f,b,p,h,p
f,f,b,b,h,p
f,f,b,b,h,p
t,n,b,w,k,e
f,f,b,b,h,p
f,f,b,n,h,p
f,f,b,b,h,p
f,f,b,p,h,p
f,f,b,b,h,p
f,f,b,n,h,p
f,f,b,p,h,p
f,f,b,b,h,p
f,f,b,n,h,p
f,f,b,p,h,p
f,n,n,w,w,e
f,f,b,p,h,p
f,f,b,p,h,p
f,n,n,w,w,p
f,f,b,p,h,p
t,f,b,w,h,p
t,n,b,w,w,e
f,y,n,p,w,p
f,c,n,w,k,p
f,f,b,n,h,p
f,f,b,b,h,p
f,f,b,p,h,p
f,f,b,n,h,p
f,f,b,b,h,p
f,f,b,b,h,p
f,f,b,p,h,p
f,f,b,b,h,p
f,f,b,p,h,p
f,f,b,b,h,p
f,f,b,b,h,p
f,f,b,p,h,p
f,f,b,b,h,p
f,f,b,n,h,p
f,f,b,n,h,p
f,f,b,b,h,p
f,f,b,b,h,p
f,f,b,b,h,p
f,f,b,b,h,p
t,n,b,e,w,e
f,f,b,p,h,p
f,f,b,p,h,p
f,s,n,p,w,p
f,f,b,b,h,p
f,f,b,n,h,p
f,f,b,p,h,p
f,f,b,b,h,p
f,f,b,n,h,p
f,f,b,p,h,p
f,f,b,n,h,p
f,f,b,n,h,p
f,f,b,b,h,p
f,f,b,n,h,p
f,n,n,w,h,e
t,n,b,e,w,e
f,f,b,b,h,p
f,f,b,n,h,p
f,f,b,p,h,p
f,f,b,p,h,p
f,f,b,n,h,p
f,f,b,b,h,p
f,f,b,n,h,p
f,f,b,p,h,p
f,f,b,p,h,p
f,f,b,p,h,p
f,f,b,n,h,p
f,f,b,n,h,p
f,f,b,n,h,p
t,f,b,w,h,p
t,n,b,w,r,p
f,f,b,p,h,p
f,f,b,b,h,p
f,f,b,p,h,p
f,f,b,n,h,p
f,f,b,p,h,p
f,f,b,p,h,p
t,n,b,g,n,e
f,n,n,w,h,e
f,f,b,p,h,p
f,f,b,n,h,p
f,f,b,n,h,p
f,f,b,n,h,p
f,f,b,n,h,p
f,f,b,b,h,p
f,f,b,b,h,p
f,f,b,n,h,p
f,f,b,p,h,p
f,f,b,n,h,p
f,f,b,p,h,p
f,f,b,p,h,p
t,n,b,w,n,e
f,f,b,p,h,p
f,f,b,n,h,p
f,f,b,b,h,p
f,f,b,b,h,p
f,f,b,b,h,p
f,f,b,n,h,p
f,f,b,n,h,p
f,f,b,p,h,p
f,f,b,p,h,p
f,f,b,p,h,p
f,f,b,n,h,p
f,f,b,b,h,p
f,c,n,w,n,p
f,f,b,b,h,p
f,f,b,p,h,p
f,f,b,p,h,p
f,f,b,p,h,p
f,f,b,p,h,p
f,f,b,n,h,p
f,f,b,b,h,p
f,f,b,b,h,p
f,f,b,n,h,p
f,f,b,n,h,p
f,f,b,b,h,p
f,f,b,n,h,p
f,f,b,b,h,p
f,f,b,b,h,p
f,f,b,b,h,p
f,f,b,n,h,p
f,f,b,p,h,p
f,f,b,p,h,p
f,f,b,b,h,p
f,f,b,p,h,p
f,f,b,p,h,p
f,f,b,p,h,p
f,f,b,b,h,p
f,f,b,n,h,p
f,f,b,b,h,p
f,f,b,b,h,p
f,y,n,p,w,p
t,n,b,w,w,e
f,f,b,b,h,p
f,f,b,b,h,p
f,f,b,n,h,p
f,f,b,n,h,p
f,f,b,p,h,p
f,f,b,p,h,p
f,f,b,p,h,p
f,f,b,p,h,p
f,f,b,b,h,p
f,f,b,p,h,p
f,f,b,p,h,p
f,f,b,n,h,p
f,f,b,n,h,p
f,f,b,b,h,p
f,f,b,p,h,p
f,f,b,p,h,p
f,c,n,w,k,p
t,f,b,w,h,p
t,n,b,g,k,e
f,f,b,p,h,p
f,f,b,p,h,p
f,f,b,n,h,p
t,n,b,p,k,e
f,f,b,b,h,p
f,f,b,p,h,p
f,f,b,n,h,p
f,f,b,b,h,p
f,f,b,b,h,p
f,f,b,n,h,p
t,f,b,w,h,p
f,f,b,p,h,p
f,f,b,b,h,p
f,f,b,p,h,p
f,f,b,p,h,p
f,f,b,n,h,p
f,n,n,w,h,e
f,f,b,b,h,p
f,f,b,b,h,p
f,f,b,b,h,p
f,f,b,b,h,p
t,n,b,p,n,e
f,f,b,p,h,p
f,f,b,n,h,p
f,f,b,n,h,p
f,f,b,n,h,p
f,f,b,b,h,p
f,f,b,b,h,p
f,f,b,b,h,p
f,f,b,n,h,p
t,f,b,w,h,p
t,n,b,w,w,e
f,n,n,w,h,e
f,f,b,b,h,p
f,f,b,n,h,p
f,f,b,p,h,p
f,f,b,p,h,p
f,f,b,p,h,p
f,f,b,b,h,p
f,f,b,p,h,p
f,f,b,p,h,p
f,f,b,n,h,p
t,n,b,w,w,e
f,f,b,p,h,p
f,f,b,b,h,p
f,f,b,n,h,p
f,f,b,b,h,p
f,f,b,p,h,p
f,f,b,n,h,p
f,f,b,n,h,p
f,f,b,b,h,p
f,f,b,b,h,p
f,f,b,n,h,p
f,f,b,b,h,p
f,f,b,b,h,p
f,f,b,p,h,p
f,f,b,n,h,p
f,f,b,n,h,p
f,f,b,b,h,p
f,f,b,n,h,p
f,f,b,p,h,p
f,f,b,b,h,p
f,f,b,p,h,p
f,f,b,b,h,p
f,f,b,n,h,p
t,n,b,w,n,e
f,f,b,p,h,p
f,f,b,n,h,p
t,f,b,w,h,p
f,f,b,n,h,p
f,f,b,n,h,p
f,c,n,w,k,p
f,f,b,n,h,p
t,f,b,w,h,p
f,f,b,p,h,p
f,f,b,n,h,p
f,f,b,b,h,p
t,n,b,w,r,p
t,f,b,w,h,p
f,f,b,b,h,p
f,f,b,p,h,p
f,f,b,b,h,p
f,f,b,p,h,p
f,f,b,p,h,p
f,f,b,p,h,p
f,f,b,p,h,p
f,n,n,w,h,e
f,f,b,b,h,p
t,n,b,g,n,e
f,f,b,n,h,p
f,f,b,p,h,p
f,f,n,p,w,p
f,f,b,b,h,p
f,f,b,b,h,p
f,f,b,p,h,p
f,f,b,b,h,p
f,f,b,b,h,p
f,f,b,b,h,p
f,f,b,n,h,p
f,f,b,n,h,p
f,f,b,p,h,p
t,n,b,p,n,e
f,f,b,n,h,p
t,n,b,w,k,e
f,f,b,b,h,p
f,f,b,p,h,p
f,f,b,p,h,p
f,f,b,p,h,p
f,f,b,n,h,p
f,f,b,p,h,p
f,f,b,n,h,p
f,f,b,p,h,p
f,f,b,b,h,p
f,f,b,p,h,p
f,f,b,n,h,p
f,f,b,b,h,p
f,f,b,p,h,p
f,f,b,b,h,p
f,c,n,w,k,p
f,f,b,p,h,p
f,f,b,n,h,p
f,f,b,b,h,p
f,f,b,p,h,p
f,f,b,n,h,p
f,f,b,b,h,p
f,f,b,p,h,p
f,f,b,b,h,p
f,f,b,p,h,p
f,f,b,p,h,p
f,f,b,p,h,p
f,f,b,p,h,p
f,f,b,b,h,p
f,f,b,b,h,p
f,f,b,b,h,p
f,f,b,n,h,p
f,f,b,n,h,p
f,f,b,p,h,p
f,f,b,b,h,p
f,f,b,n,h,p
f,f,b,n,h,p
f,f,b,p,h,p
f,f,b,n,h,p
f,f,b,n,h,p
f,f,b,p,h,p
f,f,b,n,h,p
f,f,b,b,h,p
t,n,b,w,w,e
f,f,b,n,h,p
f,c,n,w,k,p
f,f,b,p,h,p
f,f,b,b,h,p
f,f,b,n,h,p
t,n,b,p,n,e
f,f,b,b,h,p
f,f,b,b,h,p
f,f,b,n,h,p
f,f,b,b,h,p
t,n,b,p,n,e
f,f,b,b,h,p
f,f,b,p,h,p
f,f,b,p,h,p
f,f,b,p,h,p
f,f,b,n,h,p
f,f,b,p,h,p
f,f,b,b,h,p
f,f,b,b,h,p
f,f,b,n,h,p
f,f,b,n,h,p
t,n,b,w,n,e
t,f,b,w,h,p
f,f,n,p,w,p
t,f,b,w,h,p
f,f,b,b,h,p
f,f,b,p,h,p
f,f,b,b,h,p
t,n,b,w,w,e
f,f,b,n,h,p
f,f,b,n,h,p
f,f,b,b,h,p
f,f,b,p,h,p
f,f,b,n,h,p
t,n,b,e,w,e
f,f,b,p,h,p
f,n,n,w,w,p
f,f,b,b,h,p
f,f,b,n,h,p
f,s,n,w,w,p
f,f,b,p,h,p
f,f,b,b,h,p
t,f,b,w,h,p
f,f,b,b,h,p
f,f,b,p,h,p
f,f,b,n,h,p
t,n,b,e,w,e
f,f,b,n,h,p
f,n,n,w,w,p
f,f,b,n,h,p
t,f,b,w,h,p
f,f,b,p,h,p
f,f,b,p,h,p
t,n,b,w,w,e
f,f,b,b,h,p
f,f,b,p,h,p
f,n,n,w,w,e
f,c,n,w,n,p
f,f,b,b,h,p
f,f,b,n,h,p
f,f,b,b,h,p
f,f,b,n,h,p
t,n,b,w,r,p
t,f,b,w,h,p
t,n,b,w,n,e
t,n,b,w,r,p
t,n,b,e,w,e
t,f,b,w,h,p
t,n,b,w,w,e
f,f,b,n,h,p
t,f,b,w,h,p
f,f,b,n,h,p
f,f,b,b,h,p
f,f,b,n,h,p
f,f,b,n,h,p
f,f,b,p,h,p
f,f,b,p,h,p
f,f,b,b,h,p
f,f,b,b,h,p
f,f,b,n,h,p
t,n,b,e,w,e
t,n,b,e,w,e
t,n,b,e,w,e
f,f,b,b,h,p
t,n,b,p,n,e
f,f,b,n,h,p
f,f,b,p,h,p
t,f,b,w,h,p
f,f,b,p,h,p
f,f,b,p,h,p
f,f,b,n,h,p
f,f,n,w,w,p
f,f,b,b,h,p
t,n,b,w,w,e
t,n,b,g,k,e
f,f,b,p,h,p
f,f,b,p,h,p
f,f,b,n,h,p
t,n,b,p,n,e
f,f,b,p,h,p
f,f,b,b,h,p
f,f,b,p,h,p
f,f,b,n,h,p
f,f,b,b,h,p
t,n,b,w,r,p
f,f,b,p,h,p
f,f,n,p,w,p
f,f,b,p,h,p
f,f,b,n,h,p
f,f,b,n,h,p
t,n,b,e,w,e
t,f,b,w,h,p
f,f,b,n,h,p
f,f,b,b,h,p
f,f,b,n,h,p
t,f,b,w,h,p
f,c,n,w,k,p
f,f,b,n,h,p
f,f,b,b,h,p
f,f,b,n,h,p
f,n,n,w,h,e
f,n,n,w,h,e
f,f,b,n,h,p
f,f,b,b,h,p
f,f,b,n,h,p
f,y,n,p,w,p
f,y,n,p,w,p
f,f,b,b,h,p
f,f,b,n,h,p
f,f,b,b,h,p
f,f,b,n,h,p
f,f,b,p,h,p
f,f,b,n,h,p
t,n,b,w,w,e
f,f,b,b,h,p
f,f,b,p,h,p
t,f,b,w,h,p
f,f,b,b,h,p
f,f,b,n,h,p
f,f,b,n,h,p
t,f,b,w,h,p
f,f,b,p,h,p
f,f,b,p,h,p
f,c,n,w,k,p
f,f,b,b,h,p
t,n,b,p,n,e
f,f,b,p,h,p
f,f,b,n,h,p
t,n,b,w,w,e
f,f,b,b,h,p
f,f,b,p,h,p
f,f,b,b,h,p
f,n,n,w,w,e
t,n,b,e,w,e
f,f,b,p,h,p
f,f,b,p,h,p
t,f,b,w,h,p
f,f,b,p,h,p
f,f,b,b,h,p
f,f,b,n,h,p
f,s,n,w,w,p
t,n,b,e,w,e
f,f,b,b,h,p
f,f,b,b,h,p
f,f,b,b,h,p
f,f,b,b,h,p
f,f,b,n,h,p
t,n,b,e,w,e
f,n,n,w,w,p
f,f,b,n,h,p
f,f,b,n,h,p
f,f,b,n,h,p
t,f,b,w,h,p
t,n,b,w,w,e
t,f,b,w,h,p
f,f,b,b,h,p
f,f,b,b,h,p
f,f,b,n,h,p
f,f,b,n,h,p
f,f,b,n,h,p
t,f,b,w,h,p
f,f,b,p,h,p
f,f,b,p,h,p
f,f,b,b,h,p
f,f,b,p,h,p
t,f,b,w,h,p
t,n,b,w,w,e
t,n,b,e,w,e
t,n,b,w,w,e
t,n,b,w,r,p
f,f,b,p,h,p
f,f,b,b,h,p
f,f,b,b,h,p
f,f,b,p,h,p
f,f,b,b,h,p
f,f,b,n,h,p
f,f,b,b,h,p
f,f,b,b,h,p
f,f,b,b,h,p
f,f,b,p,h,p
f,f,b,p,h,p
f,f,b,b,h,p
f,f,b,p,h,p
f,f,b,b,h,p
f,f,b,n,h,p
f,f,b,n,h,p
f,n,n,w,h,e
f,f,b,b,h,p
f,y,n,w,w,p
f,f,b,p,h,p
f,f,b,n,h,p
f,f,b,n,h,p
f,f,b,b,h,p
f,f,b,n,h,p
f,f,b,n,h,p
t,n,b,w,w,e
f,f,b,p,h,p
f,f,b,n,h,p
t,n,b,w,w,e
f,f,b,b,h,p
f,f,b,p,h,p
f,f,n,p,w,p
f,f,b,n,h,p
f,n,n,w,w,p
t,n,b,w,r,p
f,f,b,n,h,p
f,f,b,n,h,p
f,n,n,w,h,e
f,f,b,n,h,p
f,f,b,b,h,p
f,f,b,n,h,p
f,f,b,b,h,p
t,n,b,e,w,e
f,f,b,p,h,p
f,f,b,b,h,p
f,f,b,b,h,p
f,f,b,b,h,p
t,n,b,w,w,e
f,f,b,p,h,p
f,f,b,b,h,p
f,f,b,n,h,p
f,f,b,n,h,p
t,f,b,w,h,p
f,c,n,w,n,p
f,f,b,p,h,p
f,n,n,w,h,e
f,f,b,p,h,p
f,f,b,n,h,p
f,f,b,n,h,p
f,f,b,n,h,p
t,f,b,w,h,p
f,f,b,p,h,p
f,f,b,p,h,p
f,f,b,b,h,p
f,f,b,p,h,p
f,f,b,n,h,p
f,f,b,n,h,p
f,f,b,p,h,p
f,f,b,p,h,p
f,f,b,n,h,p
f,f,b,b,h,p
f,f,b,b,h,p
f,f,b,p,h,p
f,s,n,w,w,p
f,f,b,p,h,p
f,f,b,b,h,p
t,f,b,w,h,p
f,f,b,n,h,p
f,f,b,b,h,p
f,f,b,n,h,p
f,f,b,b,h,p
f,f,b,n,h,p
f,f,b,b,h,p
f,y,n,w,w,p
t,n,b,e,w,e
t,n,b,e,w,e
f,f,b,p,h,p
f,f,b,b,h,p
f,f,b,n,h,p
f,f,b,b,h,p
t,f,b,w,h,p
f,f,b,b,h,p
t,f,b,w,h,p
f,f,b,b,h,p
f,f,b,b,h,p
t,f,b,w,h,p
t,f,b,w,h,p
t,f,b,w,h,p
f,f,b,n,h,p
f,f,b,p,h,p
f,f,b,b,h,p
f,f,b,n,h,p
f,n,n,w,h,e
t,n,b,w,w,e
f,f,b,p,h,p
f,f,b,n,h,p
f,y,n,p,w,p
f,f,b,p,h,p
f,f,b,n,h,p
f,f,b,b,h,p
f,f,b,b,h,p
t,n,b,g,n,e
f,f,b,n,h,p
f,f,b,n,h,p
f,f,b,b,h,p
f,f,b,p,h,p
f,f,b,p,h,p
f,n,n,w,w,p
f,f,b,n,h,p
f,n,n,w,w,e
f,f,b,n,h,p
f,f,b,n,h,p
f,f,b,b,h,p
f,f,b,p,h,p
f,f,b,p,h,p
f,f,b,p,h,p
f,f,b,n,h,p
f,f,b,n,h,p
f,f,b,n,h,p
t,n,b,w,r,p
t,n,b,w,w,e
f,f,b,b,h,p
f,f,b,p,h,p
t,n,b,w,w,e
f,f,b,n,h,p
t,f,b,w,h,p
f,s,n,w,w,p
f,y,n,w,w,p
f,y,n,w,w,p
t,n,n,w,w,p
t,f,b,w,h,p
f,n,n,w,w,e
f,f,b,p,h,p
f,f,b,b,h,p
f,f,b,b,h,p
t,n,b,w,w,e
t,f,b,w,h,p
t,f,b,w,h,p
f,y,n,p,w,p
f,n,n,w,w,e
t,f,b,w,h,p
t,f,b,w,h,p
t,f,b,w,h,p
t,f,b,w,h,p
f,n,n,w,w,e
f,f,b,n,h,p
t,f,b,w,h,p
t,f,b,w,h,p
t,n,n,w,w,p
t,f,b,w,h,p
t,n,n,w,w,p
t,f,b,w,h,p
t,f,b,w,h,p
f,n,n,w,w,p
f,s,n,w,w,p
f,y,n,p,w,p
t,n,b,e,w,e
t,n,b,e,w,e
t,f,b,w,h,p
t,n,b,w,r,p
f,f,b,b,h,p
f,f,b,p,h,p
t,n,b,w,r,p
f,f,n,p,w,p
f,y,n,p,w,p
f,f,b,b,h,p
t,n,b,e,w,e
f,f,n,p,w,p
f,f,b,p,h,p
f,y,n,w,w,p
f,n,n,w,w,e
f,f,n,w,w,p
t,n,b,e,w,e
t,n,b,w,w,e
f,f,b,p,h,p
t,n,b,w,r,p
f,n,n,w,w,p
f,y,n,w,w,p
t,f,b,w,h,p
t,f,b,w,h,p
f,f,b,p,h,p
t,f,b,w,h,p
f,f,n,w,w,p
t,f,b,w,h,p
f,n,n,w,w,p
t,n,b,w,w,e
t,f,b,w,h,p
t,f,b,w,h,p
t,n,b,e,w,e
f,f,b,n,h,p
f,n,n,w,w,p
t,n,b,e,w,e
f,f,b,p,h,p
t,f,b,w,h,p
t,f,b,w,h,p
f,f,b,b,h,p
f,f,b,p,h,p
t,n,b,w,w,e
t,n,b,e,w,e
t,n,b,w,r,p
f,n,n,w,w,e
t,n,b,e,w,e
t,f,b,w,h,p
t,f,b,w,h,p
f,f,b,b,h,p
t,f,b,w,h,p
t,f,b,w,h,p
f,n,n,w,w,e
f,y,n,w,w,p
f,f,b,n,h,p
f,n,n,w,h,e
f,f,b,b,h,p
t,n,b,w,r,p
t,f,b,w,h,p
f,s,n,w,w,p
t,n,b,e,w,e
f,f,n,w,w,p
f,f,b,n,h,p
t,f,b,w,h,p
t,n,b,w,w,e
f,f,b,p,h,p
f,f,b,n,h,p
f,f,b,n,h,p
t,f,b,w,h,p
f,f,n,w,w,p
f,f,b,p,h,p
f,f,b,n,h,p
f,n,n,w,w,p
t,n,b,w,w,e
f,f,b,p,h,p
f,y,n,p,w,p
t,f,b,w,h,p
t,n,b,w,w,e
f,f,b,p,h,p
f,y,n,p,w,p
t,f,b,w,h,p
t,f,b,w,h,p
t,n,b,w,r,p
t,n,b,e,w,e
t,f,b,w,h,p
f,y,n,w,w,p
t,n,b,e,w,e
f,f,b,n,h,p
t,n,b,e,w,e
t,f,b,w,h,p
t,n,b,w,w,e
f,n,n,w,w,p
t,f,b,w,h,p
f,f,n,p,w,p
f,f,n,w,w,p
t,f,b,w,h,p
f,f,n,w,w,p
t,n,b,w,w,e
f,n,n,w,w,e
f,f,b,b,h,p
t,n,b,e,w,e
f,f,b,b,h,p
f,f,b,n,h,p
t,f,b,w,h,p
t,n,n,w,w,p
f,n,n,w,w,e
f,n,n,w,w,p
t,f,b,w,h,p
f,n,n,w,w,p
f,f,b,p,h,p
t,n,b,w,w,e
f,f,b,p,h,p
f,y,n,w,w,p
f,f,b,p,h,p
f,f,b,p,h,p
t,n,b,w,r,p
f,f,b,p,h,p
t,f,b,w,h,p
t,f,b,w,h,p
t,n,b,w,w,e
f,f,b,b,h,p
t,f,b,w,h,p
t,n,b,w,r,p
t,f,b,w,h,p
t,n,b,w,w,e
t,f,b,w,h,p
f,n,n,w,w,p
t,f,b,w,h,p
f,f,b,p,h,p
f,n,n,w,w,p
t,f,b,w,h,p
t,n,b,w,w,e
f,f,n,p,w,p
f,y,n,w,w,p
f,y,n,w,w,p
t,f,b,w,h,p
t,n,b,e,w,e
f,f,b,n,h,p
t,n,b,w,w,e
t,f,b,w,h,p
f,n,n,w,w,e
f,s,n,w,w,p
t,f,b,w,h,p
t,f,b,w,h,p
f,n,n,w,w,p
t,n,b,w,r,p
f,f,b,n,h,p
t,n,b,e,w,e
t,n,n,w,w,p
t,f,b,w,h,p
f,n,n,w,h,e
f,n,n,w,h,e
t,n,b,w,w,e
t,f,b,w,h,p
f,y,n,p,w,p
f,f,b,n,h,p
t,f,b,w,h,p
t,f,b,w,h,p
t,n,b,e,w,e
f,y,n,w,w,p
f,f,b,b,h,p
f,f,b,b,h,p
t,n,b,e,w,e
t,f,b,w,h,p
f,s,n,p,w,p
t,f,b,w,h,p
f,n,n,w,w,e
t,f,b,w,h,p
f,f,b,n,h,p
f,n,n,w,h,e
f,f,b,p,h,p
f,f,n,p,w,p
f,s,n,w,w,p
t,n,b,e,w,e
t,f,b,w,h,p
t,n,b,w,w,e
t,n,b,w,w,e
f,f,n,p,w,p
f,n,n,w,w,p
f,s,n,w,w,p
t,n,b,w,w,e
t,f,b,w,h,p
f,f,b,p,h,p
t,n,b,w,w,e
t,n,b,w,r,p
f,n,n,w,w,e
f,f,b,n,h,p
t,f,b,w,h,p
f,s,n,w,w,p
t,f,b,w,h,p
t,f,b,w,h,p
f,f,n,w,w,p
f,n,n,w,h,e
f,s,n,p,w,p
f,f,b,n,h,p
f,y,n,p,w,p
t,f,b,w,h,p
f,f,b,n,h,p
t,f,b,w,h,p
f,n,n,w,w,p
t,f,b,w,h,p
t,f,b,w,h,p
f,n,n,w,w,e
t,f,b,w,h,p
f,s,n,w,w,p
t,n,b,w,r,p
f,f,b,p,h,p
t,n,b,e,w,e
t,n,b,w,r,p
f,n,n,w,w,p
f,f,b,p,h,p
f,n,n,w,w,e
f,n,n,w,w,e
f,y,n,w,w,p
t,f,b,w,h,p
t,f,b,w,h,p
t,f,b,w,h,p
t,f,b,w,h,p
f,n,n,w,h,e
f,f,b,b,h,p
t,f,b,w,h,p
f,f,n,p,w,p
f,f,b,p,h,p
t,f,b,w,h,p
t,f,b,w,h,p
f,f,b,p,h,p
f,f,b,b,h,p
f,f,n,p,w,p
f,n,n,w,w,p
t,n,b,e,w,e
f,f,b,p,h,p
t,f,b,w,h,p
f,y,n,p,w,p
f,f,b,n,h,p
f,f,b,b,h,p
t,f,b,w,h,p
t,n,b,w,r,p
f,f,b,p,h,p
t,n,b,w,w,e
t,f,b,w,h,p
t,f,b,w,h,p
t,f,b,w,h,p
f,f,n,w,w,p
t,n,b,w,r,p
t,f,b,w,h,p
t,n,b,w,w,e
f,s,n,p,w,p
f,f,b,n,h,p
t,f,b,w,h,p
t,n,b,e,w,e
t,f,b,w,h,p
f,n,n,w,w,e
t,n,b,w,w,e
f,n,n,w,w,e
t,n,b,e,w,e
t,f,b,w,h,p
t,n,b,w,w,e
t,n,b,w,w,e
t,f,b,w,h,p
t,n,b,e,w,e
t,f,b,w,h,p
f,n,n,w,w,p
t,f,b,w,h,p
f,f,b,n,h,p
f,f,b,p,h,p
f,n,n,w,w,p
f,f,b,p,h,p
f,f,b,b,h,p
f,n,n,w,w,e
f,y,n,p,w,p
t,f,b,w,h,p
f,f,n,w,w,p
t,n,b,w,r,p
f,f,b,p,h,p
t,f,b,w,h,p
f,f,b,n,h,p
t,f,b,w,h,p
t,f,b,w,h,p
f,y,n,p,w,p
f,f,b,p,h,p
t,n,b,w,w,e
f,f,b,n,h,p
t,n,b,w,w,e
t,n,b,e,w,e
t,n,b,e,w,e
t,f,b,w,h,p
f,f,b,b,h,p
t,n,b,e,w,e
t,n,b,w,w,e
f,f,b,b,h,p
t,n,b,w,r,p
t,f,b,w,h,p
t,f,b,w,h,p
t,f,b,w,h,p
f,f,b,p,h,p
t,f,b,w,h,p
t,f,b,w,h,p
f,n,n,w,h,e
f,f,b,b,h,p
f,f,n,w,w,p
t,f,b,w,h,p
f,n,n,w,w,e
t,f,b,w,h,p
f,n,n,w,h,e
f,f,b,b,h,p
f,f,b,p,h,p
t,n,b,w,r,p
f,y,n,p,w,p
f,s,n,w,w,p
f,f,b,p,h,p
t,n,b,e,w,e
t,f,b,w,h,p
t,f,b,w,h,p
f,y,n,w,w,p
t,f,b,w,h,p
f,y,n,w,w,p
t,f,b,w,h,p
t,f,b,w,h,p
t,f,b,w,h,p
f,f,b,p,h,p
f,f,b,n,h,p
f,f,b,b,h,p
f,f,b,n,h,p
t,f,b,w,h,p
t,f,b,w,h,p
t,f,b,w,h,p
f,f,b,p,h,p
t,f,b,w,h,p
f,s,n,w,w,p
t,f,b,w,h,p
t,n,b,e,w,e
t,n,b,w,r,p
f,y,n,p,w,p
t,n,b,w,w,e
t,f,b,w,h,p
t,f,b,w,h,p
f,y,n,w,w,p
t,f,b,w,h,p
f,y,n,p,w,p
t,n,b,w,r,p
f,y,n,p,w,p
f,f,b,n,h,p
f,f,b,p,h,p
f,f,b,n,h,p
t,n,b,w,r,p
t,f,b,w,h,p
t,n,b,e,w,e
t,f,b,w,h,p
t,n,b,w,w,e
t,f,b,w,h,p
f,y,n,p,w,p
f,f,b,n,h,p
f,f,b,p,h,p
f,f,b,p,h,p
t,n,b,w,w,e
f,f,b,p,h,p
f,s,n,p,w,p
t,f,b,w,h,p
f,f,b,p,h,p
t,n,b,e,w,e
t,n,b,w,r,p
t,n,b,w,r,p
f,f,b,b,h,p
f,f,b,p,h,p
f,n,n,w,h,e
t,f,b,w,h,p
t,f,b,w,h,p
t,f,b,w,h,p
f,y,n,w,w,p
t,n,b,e,w,e
t,n,b,w,w,e
t,n,b,w,w,e
t,f,b,w,h,p
f,f,b,p,h,p
f,y,n,p,w,p
t,n,n,w,w,p
t,f,b,w,h,p
t,f,b,w,h,p
f,y,n,w,w,p
t,f,b,w,h,p
f,s,n,w,w,p
t,n,b,e,w,e
f,n,n,w,h,e
f,f,b,b,h,p
f,y,n,p,w,p
f,f,b,p,h,p
f,s,n,p,w,p
t,f,b,w,h,p
f,s,n,w,w,p
f,n,n,w,w,e
t,f,b,w,h,p
f,f,b,n,h,p
t,n,b,w,w,e
t,n,b,w,r,p
f,f,b,b,h,p
f,n,n,w,h,e
f,f,n,w,w,p
f,y,n,w,w,p
t,f,b,w,h,p
f,f,b,n,h,p
f,f,n,w,w,p
t,n,b,w,w,e
f,f,n,p,w,p
t,n,b,w,w,e
t,n,b,w,w,e
t,n,b,w,w,e
t,f,b,w,h,p
t,n,b,w,w,e
f,f,b,n,h,p
f,f,b,n,h,p
f,f,b,n,h,p
t,n,b,w,w,e
t,f,b,w,h,p
f,n,n,w,w,e
f,n,n,w,w,e
t,n,b,w,r,p
f,y,n,p,w,p
t,f,b,w,h,p
f,n,n,w,h,e
t,f,b,w,h,p
f,n,n,w,h,e
f,y,n,w,w,p
t,f,b,w,h,p
t,n,b,e,w,e
t,n,b,w,w,e
f,s,n,p,w,p
f,f,n,w,w,p
t,f,b,w,h,p
f,f,b,p,h,p
t,n,b,w,w,e
t,n,b,e,w,e
t,f,b,w,h,p
f,f,b,b,h,p
t,n,b,w,r,p
f,f,b,b,h,p
t,f,b,w,h,p
t,n,b,e,w,e
t,n,b,w,w,e
t,n,b,w,r,p
f,f,b,b,h,p
f,y,n,p,w,p
t,f,b,w,h,p
t,f,b,w,h,p
f,s,n,w,w,p
t,n,b,w,r,p
f,n,n,w,w,e
f,f,n,p,w,p
t,f,b,w,h,p
f,f,n,p,w,p
f,n,n,w,w,e
f,y,n,p,w,p
t,f,b,w,h,p
f,y,n,w,w,p
f,n,n,w,h,e
t,n,b,w,r,p
t,n,b,e,w,e
f,y,n,w,w,p
f,f,n,w,w,p
t,f,b,w,h,p
f,f,b,p,h,p
t,n,b,w,r,p
f,s,n,p,w,p
f,s,n,w,w,p
t,n,b,e,w,e
t,f,b,w,h,p
f,n,n,w,w,e
f,n,n,w,h,e
f,y,n,p,w,p
f,n,n,w,w,e
f,f,n,w,w,p
f,s,n,p,w,p
t,n,b,e,w,e
t,n,b,w,r,p
f,f,n,w,w,p
f,f,b,n,h,p
f,n,n,w,w,e
t,f,b,w,h,p
t,n,b,w,r,p
f,f,b,n,h,p
t,n,b,w,w,e
f,f,b,p,h,p
f,s,n,w,w,p
f,y,n,w,w,p
f,f,b,p,h,p
t,n,b,w,r,p
t,f,b,w,h,p
t,n,b,w,w,e
f,n,n,w,w,e
t,f,b,w,h,p
t,n,b,e,w,e
t,n,b,e,w,e
t,n,b,e,w,e
f,f,b,p,h,p
t,f,b,w,h,p
f,f,b,b,h,p
t,n,b,w,w,e
t,f,b,w,h,p
f,n,n,w,w,e
f,f,b,p,h,p
f,f,b,b,h,p
t,n,b,w,r,p
f,y,n,w,w,p
f,f,b,b,h,p
f,f,b,n,h,p
t,n,b,w,r,p
t,n,b,w,w,e
f,f,b,n,h,p
t,n,b,w,w,e
f,n,n,w,w,p
f,f,b,p,h,p
f,f,b,p,h,p
f,y,n,p,w,p
t,n,b,e,w,e
t,f,b,w,h,p
t,f,b,w,h,p
f,f,b,p,h,p
t,n,b,e,w,e
f,f,b,n,h,p
f,f,b,n,h,p
t,n,b,e,w,e
t,n,b,e,w,e
f,f,b,p,h,p
t,f,b,w,h,p
f,f,b,p,h,p
t,f,b,w,h,p
t,f,b,w,h,p
f,n,n,w,w,p
t,f,b,w,h,p
t,n,b,e,w,e
f,f,b,p,h,p
t,f,b,w,h,p
f,n,n,w,w,e
f,f,b,b,h,p
f,n,n,w,w,e
f,f,b,p,h,p
f,y,n,w,w,p
t,n,b,w,w,e
t,f,b,w,h,p
f,f,b,b,h,p
f,f,b,p,h,p
f,y,n,p,w,p
f,n,n,w,h,e
f,f,b,n,h,p
t,f,b,w,h,p
t,f,b,w,h,p
t,f,b,w,h,p
t,n,b,e,w,e
f,n,n,w,w,p
f,n,n,w,h,e
f,y,n,p,w,p
t,n,b,w,w,e
t,f,b,w,h,p
f,f,b,p,h,p
t,n,b,e,w,e
f,n,n,w,w,e
t,f,b,w,h,p
f,f,b,p,h,p
f,y,n,p,w,p
t,n,b,e,w,e
t,n,b,w,w,e
f,f,b,p,h,p
f,y,n,w,w,p
t,n,b,e,w,e
f,f,b,p,h,p
f,s,n,p,w,p
t,n,b,e,w,e
f,f,b,p,h,p
f,f,b,n,h,p
f,f,b,b,h,p
f,n,n,w,w,e
t,n,b,w,r,p
t,n,b,e,w,e
t,f,b,w,h,p
t,f,b,w,h,p
f,f,b,b,h,p
t,f,b,w,h,p
f,y,n,p,w,p
t,f,b,w,h,p
t,n,b,w,w,e
t,f,b,w,h,p
f,y,n,w,w,p
f,n,n,w,h,e
t,n,b,w,w,e
t,f,b,w,h,p
t,n,n,w,w,p
t,f,b,w,h,p
f,s,n,p,w,p
t,n,b,w,w,e
f,y,n,p,w,p
f,s,n,w,w,p
t,f,b,w,h,p
t,n,b,w,w,e
t,f,b,w,h,p
t,n,b,w,r,p
f,n,n,w,w,e
t,f,b,w,h,p
t,f,b,w,h,p
f,f,b,p,h,p
t,n,b,e,w,e
t,n,b,e,w,e
f,n,n,w,h,e
t,n,b,e,w,e
t,f,b,w,h,p
f,y,n,p,w,p
t,n,b,e,w,e
t,n,b,w,r,p
t,f,b,w,h,p
t,f,b,w,h,p
t,n,b,w,w,e
t,f,b,w,h,p
t,n,b,e,w,e
t,n,b,w,r,p
f,s,n,p,w,p
f,f,b,p,h,p
t,f,b,w,h,p
f,n,n,w,w,e
t,f,b,w,h,p
t,f,b,w,h,p
t,n,b,w,r,p
t,n,b,w,r,p
t,f,b,w,h,p
t,n,b,w,w,e
f,s,n,w,w,p
f,f,b,b,h,p
t,n,b,w,w,e
f,f,n,w,w,p
t,f,b,w,h,p
t,n,b,w,r,p
f,y,n,w,w,p
t,f,b,w,h,p
t,f,b,w,h,p
f,n,n,w,h,e
t,f,b,w,h,p
t,f,b,w,h,p
f,n,n,w,h,e
f,s,n,p,w,p
t,n,b,w,w,e
f,f,n,p,w,p
f,y,n,p,w,p
t,f,b,w,h,p
f,n,n,w,h,e
t,n,b,w,r,p
t,f,b,w,h,p
f,n,n,w,w,e
f,n,n,w,h,e
t,f,b,w,h,p
f,n,n,w,h,e
f,y,n,w,w,p
t,n,b,e,w,e
t,n,b,w,r,p
f,n,n,w,w,p
f,f,b,p,h,p
t,f,b,w,h,p
f,f,b,b,h,p
t,n,b,e,w,e
t,n,b,w,r,p
t,n,b,w,r,p
f,s,n,p,w,p
t,f,b,w,h,p
f,f,b,p,h,p
t,n,b,w,r,p
f,n,n,w,w,e
f,f,b,p,h,p
f,f,b,p,h,p
f,f,b,n,h,p
t,f,b,w,h,p
f,y,n,w,w,p
f,n,n,w,w,p
f,f,n,p,w,p
t,f,b,w,h,p
f,f,b,b,h,p
f,n,n,w,w,e
t,f,b,w,h,p
t,f,b,w,h,p
t,n,b,e,w,e
t,f,b,w,h,p
f,f,b,b,h,p
f,f,n,p,w,p
t,f,b,w,h,p
t,f,b,w,h,p
f,f,b,n,h,p
f,n,n,w,w,e
f,s,n,p,w,p
t,n,b,w,w,e
f,y,n,w,w,p
t,f,b,w,h,p
f,y,n,p,w,p
t,n,b,e,w,e
f,f,b,p,h,p
t,f,b,w,h,p
t,n,b,e,w,e
f,f,b,b,h,p
f,f,b,n,h,p
t,n,b,e,w,e
t,f,b,w,h,p
t,n,b,e,w,e
f,f,b,n,h,p
t,f,b,w,h,p
f,s,n,p,w,p
f,f,b,b,h,p
t,n,b,w,r,p
f,s,n,p,w,p
f,n,n,w,h,e
f,n,n,w,h,e
f,f,n,p,w,p
t,f,b,w,h,p
f,n,n,w,h,e
t,n,b,w,r,p
f,f,b,p,h,p
t,f,b,w,h,p
f,f,b,p,h,p
f,f,b,p,h,p
f,f,b,p,h,p
t,f,b,w,h,p
f,n,n,w,h,e
t,f,b,w,h,p
t,n,b,e,w,e
f,s,n,p,w,p
t,f,b,w,h,p
f,f,b,p,h,p
t,n,b,w,r,p
f,f,n,p,w,p
t,n,b,w,r,p
f,f,b,n,h,p
f,f,b,n,h,p
t,n,b,w,w,e
t,n,b,e,w,e
f,f,n,p,w,p
t,n,b,e,w,e
t,n,b,w,r,p
t,n,b,w,w,e
f,y,n,p,w,p
t,n,b,e,w,e
t,f,b,w,h,p
t,n,b,w,r,p
f,s,n,p,w,p
f,y,n,w,w,p
f,f,b,b,h,p
f,f,n,w,w,p
f,s,n,w,w,p
t,f,b,w,h,p
t,n,b,e,w,e
f,n,n,w,h,e
f,f,b,b,h,p
t,f,b,w,h,p
f,s,n,w,w,p
t,f,b,w,h,p
t,f,b,w,h,p
f,f,b,b,h,p
t,n,b,w,r,p
t,n,b,e,w,e
f,y,n,w,w,p
f,f,b,b,h,p
t,n,b,e,w,e
t,f,b,w,h,p
t,f,b,w,h,p
t,f,b,w,h,p
f,f,b,b,h,p
f,f,n,w,w,p
t,f,b,w,h,p
t,n,b,w,w,e
t,n,b,e,w,e
f,n,n,w,h,e
t,f,b,w,h,p
t,f,b,w,h,p
t,n,b,w,w,e
f,f,b,b,h,p
f,s,n,p,w,p
t,n,b,w,r,p
f,f,b,b,h,p
f,n,n,w,w,e
f,f,b,b,h,p
t,f,b,w,h,p
t,n,b,e,w,e
t,n,b,w,w,e
t,f,b,w,h,p
f,f,b,p,h,p
t,f,b,w,h,p
f,f,b,n,h,p
t,f,b,w,h,p
t,n,b,e,w,e
t,n,b,w,w,e
f,f,b,b,h,p
t,n,b,w,w,e
t,n,b,w,w,e
t,f,b,w,h,p
t,f,b,w,h,p
f,f,b,b,h,p
t,f,b,w,h,p
t,f,b,w,h,p
f,f,b,b,h,p
f,f,b,n,h,p
f,f,b,n,h,p
f,f,b,b,h,p
t,n,b,w,r,p
f,f,n,p,w,p
t,n,b,w,r,p
t,n,b,w,w,e
f,y,n,p,w,p
f,y,n,w,w,p
f,f,n,w,w,p
t,f,b,w,h,p
f,n,n,w,w,p
t,f,b,w,h,p
t,n,b,w,w,e
t,n,b,e,w,e
t,n,b,e,w,e
t,n,b,w,r,p
t,f,b,w,h,p
t,f,b,w,h,p
f,f,b,n,h,p
f,s,n,p,w,p
t,n,b,w,r,p
t,f,b,w,h,p
t,n,b,w,r,p
f,n,n,w,h,e
f,n,n,w,w,e
f,f,b,n,h,p
t,f,b,w,h,p
f,f,b,n,h,p
t,n,b,e,w,e
f,f,b,p,h,p
f,n,n,w,w,p
f,s,n,p,w,p
f,f,b,n,h,p
f,f,b,n,h,p
t,f,b,w,h,p
f,f,n,w,w,p
t,n,b,e,w,e
f,n,n,w,w,e
t,n,b,w,r,p
f,n,n,w,w,p
f,f,b,p,h,p
f,s,n,p,w,p
f,f,b,p,h,p
f,f,b,b,h,p
t,f,b,w,h,p
f,n,n,w,h,e
f,y,n,p,w,p
t,n,b,w,r,p
f,y,n,p,w,p
t,f,b,w,h,p
t,f,b,w,h,p
t,n,b,w,w,e
t,f,b,w,h,p
f,n,n,w,w,e
f,f,b,p,h,p
f,n,n,w,h,e
t,f,b,w,h,p
t,n,b,w,r,p
f,f,b,p,h,p
t,f,b,w,h,p
f,f,n,p,w,p
f,f,b,b,h,p
t,f,b,w,h,p
t,f,b,w,h,p
f,s,n,w,w,p
f,f,b,n,h,p
f,f,n,w,w,p
t,n,b,w,r,p
f,f,b,b,h,p
f,y,n,w,w,p
f,f,n,w,w,p
t,n,b,w,w,e
f,n,n,w,h,e
t,f,b,w,h,p
f,f,b,n,h,p
f,f,n,p,w,p
f,s,n,p,w,p
f,f,n,w,w,p
f,f,n,w,w,p
f,f,n,w,w,p
f,s,n,p,w,p
f,y,n,p,w,p
f,y,n,w,w,p
f,s,n,p,w,p
f,f,n,p,w,p
f,f,n,p,w,p
f,s,n,w,w,p
f,s,n,p,w,p
f,f,n,p,w,p
f,y,n,w,w,p
f,f,n,p,w,p
f,y,n,p,w,p
f,f,n,p,w,p
f,s,n,w,w,p
f,y,n,p,w,p
f,f,n,w,w,p
f,y,n,p,w,p
f,s,n,w,w,p
f,y,n,p,w,p
f,y,n,p,w,p
f,s,n,w,w,p
f,y,n,w,w,p
f,y,n,w,w,p
f,s,n,p,w,p
f,y,n,w,w,p
f,s,n,w,w,p
f,s,n,w,w,p
f,s,n,p,w,p
f,f,n,w,w,p
f,s,n,w,w,p
f,s,n,w,w,p
f,f,n,w,w,p
f,y,n,p,w,p
f,n,b,o,n,e
f,y,n,p,w,p
f,n,b,o,n,e
f,y,n,p,w,p
f,s,n,p,w,p
f,y,n,w,w,p
f,y,n,w,w,p
f,y,n,w,w,p
f,f,n,p,w,p
f,s,n,w,w,p
f,y,n,w,w,p
f,f,n,w,w,p
f,s,n,p,w,p
f,f,n,w,w,p
f,s,n,w,w,p
f,y,n,p,w,p
f,f,n,w,w,p
f,y,n,w,w,p
f,f,n,p,w,p
f,y,n,w,w,p
f,f,n,w,w,p
f,s,n,w,w,p
f,f,n,w,w,p
f,f,n,p,w,p
f,s,n,p,w,p
f,f,n,w,w,p
f,s,n,w,w,p
f,s,n,p,w,p
f,f,n,w,w,p
f,s,n,p,w,p
f,n,b,w,w,e
f,y,n,w,w,p
f,f,n,p,w,p
f,f,n,p,w,p
f,s,n,p,w,p
f,s,n,p,w,p
f,s,n,w,w,p
f,f,n,p,w,p
f,y,n,w,w,p
f,f,n,p,w,p
f,s,n,w,w,p
f,s,n,p,w,p
f,y,n,p,w,p
f,y,n,p,w,p
f,s,n,p,w,p
f,s,n,p,w,p
f,y,n,w,w,p
f,s,n,p,w,p
f,y,n,w,w,p
f,s,n,p,w,p
f,y,n,p,w,p
f,s,n,p,w,p
f,f,n,p,w,p
f,y,n,w,w,p
f,f,n,p,w,p
f,f,n,p,w,p
f,y,n,p,w,p
f,f,n,w,w,p
f,f,n,w,w,p
f,y,n,w,w,p
f,y,n,w,w,p
f,f,n,w,w,p
f,f,n,p,w,p
f,s,n,w,w,p
f,f,n,p,w,p
f,s,n,p,w,p
f,y,n,w,w,p
f,y,n,p,w,p
f,s,n,p,w,p
f,y,n,p,w,p
f,s,n,p,w,p
f,f,n,p,w,p
f,y,n,w,w,p
f,s,n,p,w,p
f,f,n,w,w,p
f,f,n,w,w,p
f,f,n,p,w,p
f,s,n,w,w,p
f,s,n,p,w,p
f,f,n,w,w,p
f,f,n,p,w,p
f,s,n,p,w,p
t,n,b,w,w,e
f,y,n,w,w,p
f,y,n,w,w,p
f,y,n,p,w,p
f,s,n,p,w,p
f,y,n,p,w,p
f,s,n,w,w,p
f,f,n,p,w,p
f,f,n,p,w,p
f,y,n,w,w,p
f,f,n,w,w,p
f,f,n,w,w,p
f,y,n,w,w,p
f,y,n,w,w,p
f,s,n,p,w,p
f,f,n,w,w,p
f,s,n,w,w,p
f,y,n,w,w,p
f,y,n,w,w,p
f,f,n,w,w,p
f,s,n,w,w,p
f,y,n,p,w,p
f,n,b,w,w,e
f,s,n,w,w,p
f,f,n,p,w,p
f,s,n,w,w,p
f,y,n,w,w,p
f,n,b,w,w,e
f,s,n,p,w,p
f,s,n,p,w,p
f,s,n,p,w,p
f,f,n,w,w,p
f,f,n,w,w,p
f,f,n,w,w,p
f,s,n,w,w,p
f,y,n,w,w,p
f,f,n,w,w,p
f,f,n,w,w,p
f,f,n,w,w,p
f,s,n,w,w,p
f,f,n,p,w,p
f,s,n,w,w,p
f,s,n,w,w,p
f,s,n,w,w,p
f,y,n,p,w,p
f,y,n,p,w,p
f,f,n,w,w,p
f,y,n,p,w,p
f,y,n,w,w,p
f,y,n,p,w,p
f,y,n,w,w,p
f,f,n,p,w,p
f,f,n,p,w,p
f,f,n,p,w,p
f,f,n,w,w,p
f,f,n,p,w,p
f,f,n,w,w,p
f,f,n,w,w,p
f,s,n,w,w,p
f,y,n,p,w,p
f,f,n,p,w,p
f,s,n,p,w,p
f,f,n,p,w,p
f,s,n,w,w,p
f,s,n,p,w,p
f,y,n,w,w,p
f,f,n,w,w,p
f,s,n,p,w,p
f,s,n,w,w,p
f,s,n,w,w,p
f,s,n,w,w,p
f,f,n,p,w,p
f,f,n,p,w,p
f,f,n,p,w,p
f,n,b,w,w,e
f,s,n,p,w,p
f,s,n,p,w,p
f,s,n,p,w,p
f,y,n,w,w,p
f,y,n,p,w,p
f,f,n,w,w,p
f,f,n,w,w,p
f,f,n,w,w,p
f,n,b,w,w,e
f,s,n,w,w,p
f,f,n,w,w,p
f,y,n,w,w,p
f,s,n,p,w,p
f,y,n,w,w,p
f,y,n,w,w,p
f,f,n,p,w,p
f,y,n,w,w,p
f,f,n,p,w,p
f,s,n,p,w,p
f,n,b,w,w,e
f,s,n,w,w,p
f,f,n,p,w,p
f,f,n,w,w,p
f,s,n,p,w,p
f,n,b,w,w,e
f,s,n,p,w,p
f,y,n,p,w,p
f,f,n,w,w,p
f,s,n,w,w,p
f,f,n,p,w,p
f,y,n,w,w,p
f,s,n,p,w,p
f,f,n,p,w,p
f,s,n,p,w,p
f,y,n,p,w,p
f,y,n,p,w,p
f,y,n,w,w,p
f,y,n,w,w,p
f,y,n,w,w,p
f,f,n,w,w,p
f,f,n,p,w,p
f,f,n,p,w,p
f,s,n,w,w,p
f,y,n,p,w,p
f,y,n,w,w,p
f,s,n,p,w,p
f,f,n,p,w,p
f,f,n,p,w,p
f,y,n,p,w,p
f,y,n,p,w,p
f,f,n,w,w,p
f,s,n,p,w,p
f,s,n,w,w,p
f,f,n,p,w,p
f,y,n,w,w,p
f,s,n,p,w,p
f,s,n,p,w,p
f,f,n,w,w,p
f,s,n,p,w,p
f,s,n,p,w,p
f,y,n,w,w,p
f,y,n,w,w,p
f,s,n,w,w,p
f,s,n,w,w,p
f,y,n,w,w,p
f,f,n,p,w,p
f,n,b,w,w,e
f,y,n,p,w,p
f,s,n,p,w,p
f,y,n,p,w,p
f,s,n,p,w,p
f,s,n,p,w,p
f,y,n,w,w,p
f,s,n,w,w,p
f,y,n,w,w,p
f,f,n,p,w,p
f,s,n,p,w,p
f,s,n,p,w,p
f,f,n,p,w,p
f,s,n,p,w,p
f,y,n,w,w,p
f,s,n,p,w,p
f,f,n,p,w,p
f,f,n,p,w,p
f,n,b,w,w,e
f,s,n,p,w,p
f,y,n,p,w,p
f,f,n,w,w,p
f,f,n,w,w,p
f,y,n,p,w,p
f,s,n,w,w,p
f,f,n,w,w,p
f,f,n,p,w,p
f,f,n,w,w,p
f,s,n,p,w,p
f,y,n,w,w,p
f,s,n,p,w,p
f,s,n,w,w,p
f,s,n,p,w,p
f,y,n,p,w,p
f,f,n,w,w,p
f,f,n,p,w,p
f,f,n,w,w,p
f,y,n,w,w,p
f,y,n,w,w,p
f,s,n,w,w,p
f,y,n,p,w,p
f,f,n,p,w,p
f,s,n,p,w,p
f,s,n,p,w,p
f,f,n,p,w,p
f,f,n,p,w,p
f,f,n,w,w,p
f,y,n,p,w,p
f,f,n,p,w,p
f,f,n,w,w,p
f,f,n,p,w,p
f,f,n,p,w,p
f,s,n,p,w,p
f,f,n,w,w,p
f,y,n,p,w,p
f,f,n,w,w,p
f,y,n,w,w,p
f,f,n,p,w,p
f,y,n,p,w,p
f,f,n,w,w,p
f,y,n,p,w,p
f,f,n,p,w,p
f,s,n,p,w,p
f,s,n,p,w,p
f,y,n,w,w,p
f,s,n,p,w,p
f,y,n,p,w,p
f,f,n,p,w,p
f,f,n,w,w,p
f,f,n,p,w,p
f,n,b,w,w,e
f,f,n,p,w,p
f,f,n,w,w,p
f,s,n,p,w,p
f,s,n,p,w,p
f,f,n,p,w,p
f,y,n,p,w,p
f,s,n,w,w,p
f,f,n,w,w,p
f,f,n,p,w,p
f,f,n,p,w,p
f,f,n,w,w,p
f,y,n,w,w,p
f,f,n,w,w,p
f,f,n,w,w,p
f,f,n,p,w,p
f,s,n,w,w,p
f,f,n,p,w,p
f,f,n,w,w,p
f,f,n,p,w,p
f,f,n,p,w,p
f,s,n,w,w,p
f,y,n,w,w,p
f,y,n,p,w,p
f,y,n,w,w,p
f,f,n,w,w,p
f,y,n,p,w,p
f,y,n,p,w,p
f,f,n,w,w,p
f,f,n,p,w,p
f,y,n,p,w,p
f,f,n,w,w,p
f,s,n,p,w,p
f,y,n,w,w,p
f,f,n,p,w,p
f,n,b,w,w,e
f,f,n,w,w,p
f,f,n,w,w,p
f,y,n,w,w,p
f,f,n,w,w,p
f,y,n,p,w,p
f,f,n,w,w,p
f,f,n,p,w,p
f,y,n,p,w,p
f,n,b,o,o,e
f,f,n,w,w,p
f,s,n,p,w,p
f,y,n,p,w,p
f,s,n,w,w,p
f,s,n,w,w,p
f,f,n,p,w,p
f,s,n,w,w,p
f,s,n,w,w,p
f,y,n,w,w,p
f,f,n,p,w,p
f,s,n,p,w,p
f,f,n,w,w,p
f,y,n,p,w,p
f,s,n,p,w,p
f,y,n,w,w,p
f,s,n,w,w,p
f,f,n,w,w,p
f,y,n,w,w,p
f,y,n,p,w,p
f,f,n,w,w,p
f,n,b,w,w,e
f,y,n,w,w,p
f,f,n,w,w,p
f,y,n,p,w,p
f,s,n,w,w,p
f,s,n,w,w,p
f,f,n,p,w,p
f,n,b,w,w,e
f,s,n,w,w,p
f,s,n,w,w,p
f,n,b,w,w,e
f,y,n,p,w,p
f,s,n,w,w,p
f,f,n,p,w,p
f,s,n,w,w,p
f,f,n,p,w,p
f,s,n,w,w,p
f,s,n,p,w,p
f,s,n,p,w,p
f,m,b,c,w,p
f,y,n,p,w,p
f,y,n,w,w,p
f,s,n,p,w,p
f,y,n,p,w,p
f,f,n,w,w,p
f,s,n,p,w,p
f,f,n,w,w,p
f,s,n,p,w,p
f,n,b,o,y,e
f,s,n,p,w,p
f,s,n,w,w,p
f,s,n,w,w,p
f,f,n,p,w,p
f,y,n,p,w,p
f,f,n,p,w,p
f,s,n,w,w,p
f,y,n,p,w,p
f,f,n,w,w,p
f,n,b,o,o,e
f,s,n,p,w,p
f,f,n,w,w,p
f,f,n,w,w,p
f,y,n,w,w,p
f,f,n,p,w,p
f,s,n,p,w,p
f,f,n,w,w,p
f,y,n,w,w,p
f,s,n,p,w,p
f,y,n,p,w,p
f,y,n,w,w,p
f,y,n,p,w,p
f,y,n,w,w,p
f,y,n,p,w,p
f,n,b,w,w,e
f,y,n,w,w,p
f,y,n,p,w,p
f,f,n,w,w,p
f,s,n,p,w,p
f,y,n,p,w,p
f,f,n,p,w,p
f,s,n,w,w,p
f,s,n,w,w,p
f,y,n,p,w,p
f,s,n,w,w,p
f,s,n,p,w,p
f,f,n,w,w,p
f,s,n,w,w,p
f,f,n,w,w,p
f,f,n,w,w,p
f,y,n,p,w,p
f,y,n,p,w,p
f,y,n,w,w,p
f,y,n,w,w,p
f,f,n,p,w,p
f,f,n,p,w,p
f,f,n,p,w,p
f,s,n,w,w,p
f,y,n,p,w,p
f,f,n,w,w,p
f,y,n,w,w,p
f,f,n,w,w,p
f,y,n,w,w,p
f,s,n,w,w,p
f,s,n,p,w,p
f,s,n,w,w,p
f,y,n,p,w,p
f,s,n,p,w,p
f,y,n,w,w,p
f,y,n,w,w,p
f,y,n,w,w,p
f,s,n,p,w,p
f,f,n,w,w,p
f,s,n,w,w,p
f,f,n,w,w,p
f,s,n,p,w,p
f,s,n,p,w,p
f,f,n,p,w,p
f,s,n,p,w,p
f,f,n,p,w,p
f,y,n,w,w,p
f,y,n,w,w,p
f,f,n,w,w,p
f,s,n,p,w,p
f,f,n,w,w,p
f,f,n,p,w,p
f,s,n,p,w,p
f,f,n,w,w,p
f,f,n,w,w,p
f,y,n,w,w,p
f,s,n,w,w,p
f,f,n,p,w,p
f,s,n,p,w,p
f,y,n,w,w,p
f,n,b,w,w,e
f,s,n,w,w,p
f,f,n,p,w,p
f,y,n,p,w,p
f,y,n,p,w,p
f,y,n,w,w,p
f,f,n,w,w,p
f,y,n,w,w,p
f,n,b,w,w,e
f,f,n,w,w,p
f,f,n,w,w,p
f,y,n,w,w,p
f,y,n,p,w,p
f,y,n,p,w,p
f,f,n,w,w,p
f,s,n,p,w,p
f,f,n,w,w,p
f,s,n,w,w,p
f,s,n,w,w,p
f,y,n,w,w,p
f,s,n,w,w,p
f,n,b,w,w,e
f,f,n,p,w,p
f,f,n,p,w,p
f,f,n,p,w,p
f,s,n,p,w,p
f,y,n,w,w,p
f,y,n,w,w,p
f,s,n,w,w,p
f,y,n,w,w,p
f,y,n,p,w,p
f,s,n,p,w,p
f,s,n,p,w,p
f,f,n,w,w,p
f,s,n,w,w,p
f,s,n,w,w,p
f,f,n,w,w,p
f,y,n,p,w,p
f,f,n,p,w,p
f,s,n,w,w,p
f,s,n,w,w,p
f,f,n,p,w,p
f,s,n,p,w,p
f,y,n,w,w,p
f,s,n,p,w,p
f,y,n,w,w,p
f,f,n,w,w,p
f,s,n,w,w,p
f,s,n,p,w,p
f,n,b,o,b,e
f,y,n,p,w,p
f,y,n,p,w,p
f,f,n,w,w,p
f,y,n,w,w,p
f,y,n,w,w,p
f,y,n,w,w,p
f,f,n,p,w,p
f,y,n,p,w,p
f,f,n,p,w,p
f,f,n,w,w,p
f,s,n,w,w,p
f,y,n,p,w,p
f,s,n,p,w,p
f,f,n,p,w,p
f,y,n,p,w,p
f,y,n,p,w,p
f,f,n,w,w,p
f,f,n,w,w,p
f,y,n,p,w,p
f,f,n,w,w,p
f,y,n,w,w,p
f,y,n,p,w,p
f,s,n,p,w,p
f,s,n,w,w,p
f,s,n,p,w,p
f,s,n,p,w,p
f,y,n,w,w,p
f,y,n,w,w,p
f,y,n,w,w,p
f,s,n,p,w,p
f,f,n,w,w,p
f,y,n,w,w,p
f,s,n,p,w,p
f,s,n,w,w,p
f,s,n,p,w,p
f,s,n,w,w,p
f,s,n,w,w,p
f,y,n,p,w,p
f,s,n,w,w,p
f,y,n,p,w,p
f,n,b,w,w,e
f,y,n,p,w,p
f,s,n,w,w,p
f,s,n,w,w,p
f,s,n,w,w,p
f,s,n,p,w,p
f,f,n,p,w,p
f,f,n,p,w,p
f,s,n,w,w,p
f,y,n,p,w,p
f,f,n,p,w,p
f,f,n,p,w,p
f,f,n,w,w,p
f,f,n,p,w,p
f,y,n,w,w,p
f,s,n,w,w,p
f,f,n,p,w,p
f,y,n,p,w,p
f,s,n,w,w,p
f,f,n,p,w,p
f,s,n,p,w,p
f,s,n,w,w,p
f,f,n,p,w,p
f,s,n,w,w,p
f,y,n,w,w,p
f,f,n,p,w,p
f,s,n,w,w,p
f,y,n,p,w,p
f,s,n,w,w,p
f,y,n,w,w,p
f,y,n,w,w,p
f,s,n,p,w,p
f,y,n,p,w,p
f,f,n,w,w,p
f,s,n,w,w,p
f,f,n,p,w,p
f,s,n,w,w,p
f,f,n,p,w,p
f,y,n,p,w,p
f,y,n,w,w,p
f,y,n,p,w,p
f,y,n,w,w,p
f,y,n,w,w,p
f,s,n,w,w,p
f,f,n,p,w,p
f,y,n,w,w,p
f,f,n,p,w,p
f,y,n,p,w,p
f,s,n,p,w,p
f,y,n,w,w,p
f,y,n,w,w,p
f,s,n,p,w,p
f,y,n,w,w,p
f,s,n,w,w,p
f,f,n,p,w,p
f,y,n,p,w,p
f,s,n,w,w,p
f,f,n,p,w,p
f,f,n,p,w,p
f,s,n,p,w,p
f,y,n,w,w,p
f,n,b,w,w,e
f,y,n,w,w,p
f,s,n,w,w,p
f,n,b,o,y,e
f,y,n,p,w,p
f,s,n,p,w,p
f,s,n,w,w,p
f,s,n,p,w,p
f,m,b,c,w,p
f,s,n,w,w,p
f,s,n,w,w,p
f,y,n,p,w,p
f,s,n,w,w,p
f,f,n,p,w,p
f,f,n,p,w,p
f,f,n,p,w,p
f,s,n,w,w,p
f,y,n,p,w,p
f,y,n,p,w,p
f,s,n,w,w,p
f,y,n,p,w,p
f,f,n,w,w,p
f,s,n,p,w,p
f,f,n,w,w,p
f,f,n,p,w,p
f,y,n,w,w,p
f,f,n,p,w,p
f,s,n,w,w,p
f,f,n,w,w,p
f,y,n,p,w,p
f,y,n,p,w,p
f,s,n,w,w,p
f,y,n,p,w,p
f,s,n,w,w,p
f,s,n,w,w,p
f,f,n,p,w,p
f,y,n,w,w,p
f,f,n,w,w,p
f,y,n,p,w,p
f,s,n,p,w,p
f,f,n,p,w,p
f,y,n,w,w,p
f,s,n,w,w,p
f,s,n,w,w,p
f,f,n,p,w,p
f,y,n,p,w,p
f,f,n,w,w,p
f,y,n,p,w,p
f,y,n,w,w,p
f,f,n,p,w,p
f,y,n,p,w,p
f,f,n,w,w,p
f,f,n,p,w,p
f,f,n,w,w,p
f,s,n,p,w,p
f,y,n,p,w,p
f,s,n,w,w,p
f,f,n,w,w,p
f,y,n,p,w,p
f,s,n,p,w,p
f,s,n,w,w,p
f,f,n,p,w,p
f,s,n,w,w,p
f,f,n,p,w,p
f,s,n,w,w,p
f,y,n,p,w,p
f,s,n,w,w,p
f,y,n,w,w,p
f,s,n,w,w,p
f,f,n,p,w,p
f,f,n,w,w,p
f,s,n,w,w,p
f,y,n,w,w,p
f,s,n,p,w,p
f,y,n,w,w,p
f,s,n,w,w,p
f,y,n,p,w,p
f,s,n,p,w,p
f,y,n,w,w,p
f,y,n,w,w,p
f,f,n,p,w,p
f,y,n,w,w,p
f,s,n,p,w,p
f,y,n,p,w,p
f,n,b,w,w,e
f,y,n,w,w,p
f,f,n,p,w,p
f,s,n,p,w,p
f,f,n,w,w,p
f,y,n,w,w,p
f,s,n,w,w,p
f,y,n,w,w,p
f,n,b,w,w,e
f,s,n,w,w,p
f,f,n,p,w,p
f,s,n,p,w,p
f,f,n,p,w,p
f,f,n,w,w,p
f,s,n,p,w,p
f,s,n,w,w,p
f,y,n,p,w,p
f,f,n,p,w,p
f,n,b,w,w,e
f,n,b,o,o,e
f,s,n,w,w,p
f,s,n,p,w,p
f,s,n,p,w,p
f,s,n,w,w,p
f,y,n,p,w,p
f,f,n,p,w,p
f,y,n,p,w,p
f,f,n,p,w,p
f,s,n,w,w,p
f,y,n,w,w,p
f,n,b,w,w,e
f,f,n,p,w,p
f,y,n,p,w,p
f,y,n,p,w,p
f,y,n,p,w,p
f,f,n,p,w,p
f,y,n,p,w,p
f,y,n,w,w,p
f,y,n,w,w,p
f,y,n,p,w,p
f,f,n,w,w,p
f,s,n,w,w,p
f,f,n,p,w,p
f,s,n,w,w,p
f,f,n,w,w,p
f,s,n,w,w,p
f,f,n,w,w,p
f,s,n,p,w,p
f,s,n,w,w,p
f,s,n,p,w,p
f,y,n,p,w,p
f,s,n,w,w,p
f,f,n,w,w,p
f,f,n,w,w,p
f,y,n,p,w,p
f,f,n,w,w,p
f,y,n,w,w,p
f,s,n,p,w,p
f,y,n,w,w,p
f,f,n,w,w,p
f,s,n,w,w,p
f,f,n,w,w,p
f,y,n,p,w,p
f,y,n,p,w,p
f,s,n,w,w,p
f,y,n,p,w,p
f,f,n,p,w,p
f,f,n,p,w,p
f,f,n,w,w,p
f,y,n,w,w,p
f,s,n,w,w,p
f,y,n,p,w,p
f,f,n,p,w,p
f,s,n,p,w,p
f,f,n,w,w,p
f,y,n,p,w,p
f,y,n,p,w,p
f,s,n,p,w,p
f,y,n,w,w,p
f,y,n,p,w,p
f,y,n,p,w,p
f,s,n,w,w,p
f,f,n,w,w,p
f,n,b,w,w,e
f,y,n,p,w,p
f,y,n,w,w,p
f,s,n,w,w,p
f,s,n,w,w,p
f,s,n,w,w,p
f,f,n,p,w,p
f,f,n,w,w,p
f,f,n,w,w,p
f,f,n,w,w,p
f,f,n,p,w,p
f,f,n,w,w,p
f,f,n,p,w,p
f,s,n,w,w,p
f,y,n,w,w,p
f,f,n,w,w,p
f,s,n,p,w,p
f,s,n,w,w,p
f,s,n,w,w,p
f,y,n,p,w,p
f,s,n,w,w,p
f,f,n,p,w,p
f,n,b,o,o,e
f,f,n,w,w,p
f,s,n,p,w,p
f,s,n,w,w,p
f,f,n,p,w,p
f,f,n,w,w,p
f,m,b,c,w,p
f,f,n,w,w,p
f,s,n,w,w,p
f,y,n,w,w,p
f,f,n,w,w,p
f,n,b,w,w,e
f,y,n,p,w,p
f,y,n,p,w,p
f,y,n,p,w,p
f,s,n,w,w,p
f,y,n,w,w,p
f,y,n,p,w,p
f,f,n,w,w,p
f,f,n,p,w,p
f,f,n,p,w,p
f,f,n,p,w,p
f,y,n,w,w,p
f,y,n,w,w,p
f,y,n,p,w,p
f,s,n,w,w,p
f,f,n,p,w,p
f,y,n,p,w,p
f,y,n,w,w,p
f,f,n,w,w,p
f,f,n,p,w,p
f,f,n,w,w,p
f,f,n,p,w,p
f,y,n,w,w,p
f,f,n,p,w,p
f,n,b,w,w,e
f,y,n,p,w,p
f,y,n,p,w,p
f,s,n,w,w,p
f,s,n,p,w,p
f,f,n,w,w,p
f,s,n,p,w,p
f,s,n,w,w,p
f,f,n,w,w,p
f,s,n,p,w,p
f,s,n,p,w,p
f,s,n,p,w,p
f,f,n,p,w,p
f,y,n,p,w,p
f,y,n,p,w,p
f,f,n,p,w,p
f,n,b,o,y,e
f,y,n,w,w,p
f,y,n,p,w,p
f,f,n,w,w,p
t,n,b,w,w,e
f,n,b,o,y,e
f,n,b,w,w,e
f,n,b,w,w,e
f,s,n,w,w,p
f,f,n,w,w,p
f,n,b,o,o,e
f,s,n,w,w,p
f,n,n,y,w,p
f,f,n,w,w,p
f,n,b,w,w,e
f,f,n,w,w,p
f,s,n,p,w,p
f,s,n,w,w,p
f,y,n,p,w,p
f,s,n,w,w,p
f,n,b,w,w,e
f,s,n,w,w,p
f,y,n,p,w,p
f,f,n,w,w,p
f,n,b,w,w,e
f,s,n,w,w,p
f,y,n,w,w,p
f,n,b,o,n,e
t,n,b,w,w,e
f,y,n,w,w,p
f,y,n,w,w,p
f,s,n,w,w,p
f,n,b,w,w,e
f,f,n,p,w,p
f,y,n,p,w,p
f,y,n,w,w,p
f,f,n,p,w,p
f,n,b,w,w,e
f,n,b,w,w,e
f,y,n,w,w,p
f,y,n,w,w,p
t,n,b,w,w,e
f,s,n,p,w,p
f,y,n,w,w,p
f,s,n,w,w,p
f,m,b,c,w,p
f,f,n,w,w,p
f,s,n,p,w,p
f,s,n,p,w,p
f,f,n,w,w,p
f,f,n,w,w,p
f,f,n,w,w,p
f,n,b,w,w,e
f,s,n,w,w,p
f,f,n,p,w,p
f,y,n,p,w,p
f,s,n,w,w,p
f,s,n,p,w,p
f,n,b,w,w,e
f,f,n,p,w,p
f,s,n,p,w,p
f,s,n,w,w,p
f,s,n,w,w,p
f,y,n,w,w,p
f,s,n,p,w,p
f,y,n,p,w,p
f,f,n,p,w,p
f,n,b,n,w,e
f,f,n,p,w,p
f,f,n,p,w,p
f,n,b,n,w,e
f,f,n,w,w,p
f,y,n,w,w,p
f,s,n,w,w,p
f,s,n,p,w,p
f,n,b,w,w,e
f,f,n,w,w,p
f,y,n,p,w,p
f,f,n,w,w,p
f,f,n,w,w,p
f,y,n,w,w,p
f,f,n,w,w,p
f,s,n,p,w,p
f,f,n,w,w,p
f,n,b,n,w,e
f,y,n,p,w,p
f,f,n,w,w,p
f,f,n,w,w,p
f,s,n,p,w,p
f,n,b,o,n,e
f,n,b,w,w,e
f,m,b,c,w,p
f,y,n,w,w,p
f,y,n,p,w,p
f,n,b,o,o,e
f,s,n,p,w,p
f,s,n,w,w,p
f,n,b,w,w,e
f,n,b,w,w,e
f,n,b,o,o,e
f,s,n,w,w,p
f,s,n,w,w,p
f,s,n,w,w,p
f,n,b,w,w,e
f,n,b,w,w,e
f,n,b,w,w,e
f,f,n,p,w,p
f,s,n,p,w,p
f,n,b,w,w,e
f,n,b,w,w,e
f,f,n,w,w,p
f,n,b,w,w,e
f,s,n,w,w,p
f,f,n,w,w,p
f,f,n,p,w,p
f,n,b,w,w,e
f,n,b,w,w,e
f,y,n,w,w,p
f,f,n,w,w,p
f,n,b,w,w,e
f,n,b,w,w,e
f,s,n,p,w,p
t,n,b,w,w,e
f,y,n,w,w,p
f,y,n,w,w,p
f,n,b,o,b,e
f,n,b,o,n,e
f,s,n,w,w,p
f,y,n,p,w,p
f,s,n,w,w,p
f,y,n,w,w,p
f,y,n,w,w,p
f,n,b,w,w,e
f,n,b,o,n,e
f,m,b,c,w,p
f,n,b,w,w,e
f,n,b,o,o,e
f,n,b,o,b,e
f,s,n,w,w,p
f,n,b,w,w,e
f,n,b,w,w,e
f,n,b,o,n,e
f,y,n,w,w,p
f,s,n,p,w,p
f,s,n,w,w,p
f,y,n,w,w,p
f,n,b,w,w,e
f,s,n,w,w,p
f,s,n,w,w,p
f,s,n,p,w,p
f,n,b,w,w,e
f,n,b,o,y,e
f,f,n,w,w,p
f,s,n,p,w,p
f,n,b,o,o,e
f,y,n,w,w,p
f,y,n,p,w,p
f,s,n,w,w,p
f,s,n,w,w,p
f,s,n,p,w,p
f,y,n,w,w,p
f,s,n,p,w,p
f,y,n,w,w,p
t,n,b,w,w,e
f,y,n,w,w,p
f,m,b,c,w,p
f,f,n,w,w,p
f,n,b,w,w,e
f,f,n,p,w,p
f,y,n,p,w,p
f,s,n,p,w,p
f,y,n,p,w,p
f,f,n,p,w,p
t,n,b,w,w,e
f,f,n,p,w,p
f,f,n,w,w,p
f,y,n,p,w,p
f,y,n,p,w,p
f,f,n,p,w,p
f,n,b,o,n,e
f,s,n,p,w,p
f,s,n,p,w,p
f,f,n,w,w,p
f,s,n,p,w,p
f,f,n,p,w,p
f,y,n,w,w,p
f,n,b,w,w,e
f,s,n,p,w,p
f,s,n,p,w,p
f,n,b,w,w,e
f,n,b,o,n,e
f,m,b,c,w,p
f,s,n,w,w,p
f,f,n,w,w,p
f,f,n,w,w,p
f,y,n,w,w,p
f,y,n,w,w,p
f,y,n,w,w,p
f,n,b,w,w,e
f,f,n,w,w,p
f,m,b,c,w,p
f,s,n,w,w,p
f,s,n,p,w,p
f,n,b,w,w,e
f,y,n,p,w,p
f,y,n,p,w,p
f,f,n,p,w,p
f,y,n,p,w,p
f,f,n,p,w,p
f,f,n,w,w,p
f,n,b,w,w,e
f,m,b,c,w,p
f,y,n,p,w,p
f,f,n,w,w,p
f,f,n,w,w,p
f,s,n,w,w,p
t,n,b,w,w,e
f,y,n,p,w,p
f,y,n,w,w,p
f,n,b,w,w,e
f,s,n,p,w,p
f,y,n,p,w,p
f,s,n,p,w,p
f,n,b,w,w,e
f,s,n,w,w,p
f,s,n,w,w,p
f,y,n,w,w,p
f,f,n,p,w,p
f,n,b,o,y,e
f,y,n,p,w,p
f,y,n,p,w,p
f,y,n,w,w,p
f,f,n,p,w,p
f,n,b,o,b,e
f,n,b,w,w,e
f,n,b,o,n,e
f,n,b,w,w,e
f,y,n,w,w,p
f,f,n,w,w,p
f,s,n,p,w,p
f,y,n,p,w,p
f,n,b,w,w,e
f,s,n,p,w,p
f,n,b,w,w,e
f,f,n,w,w,p
f,f,n,w,w,p
f,m,b,c,w,p
f,s,n,w,w,p
f,s,n,p,w,p
f,s,n,w,w,p
f,f,n,w,w,p
f,f,n,w,w,p
f,s,n,w,w,p
f,n,b,w,w,e
f,y,n,p,w,p
f,y,n,w,w,p
f,s,n,w,w,p
f,y,n,w,w,p
f,n,b,w,w,e
f,s,n,w,w,p
f,s,n,w,w,p
f,s,n,p,w,p
f,n,b,w,w,e
f,y,n,p,w,p
f,y,n,w,w,p
f,y,n,p,w,p
f,m,b,c,w,p
f,n,b,w,w,e
f,f,n,p,w,p
f,f,n,p,w,p
f,n,b,w,w,e
f,f,n,p,w,p
f,s,n,p,w,p
f,n,b,o,y,e
f,f,n,p,w,p
f,s,n,w,w,p
f,n,b,o,b,e
f,f,n,p,w,p
f,f,n,p,w,p
f,s,n,p,w,p
f,s,n,p,w,p
t,n,b,w,w,e
f,n,b,o,n,e
f,n,b,w,w,e
f,s,n,p,w,p
f,n,b,w,w,e
f,y,n,p,w,p
f,s,n,w,w,p
f,n,b,o,y,e
f,y,n,w,w,p
f,f,n,p,w,p
f,y,n,w,w,p
f,s,n,p,w,p
f,s,n,p,w,p
f,f,n,w,w,p
f,n,b,n,w,e
f,f,n,w,w,p
f,s,n,p,w,p
f,y,n,w,w,p
f,f,n,p,w,p
f,n,b,w,w,e
f,f,n,w,w,p
f,n,b,w,w,e
f,y,n,p,w,p
f,n,b,w,w,e
f,n,b,o,y,e
f,f,n,w,w,p
f,f,n,w,w,p
f,n,b,w,w,e
f,y,n,p,w,p
f,s,n,w,w,p
f,n,b,w,w,e
f,f,n,p,w,p
f,f,n,p,w,p
f,f,n,p,w,p
f,s,n,w,w,p
f,s,n,p,w,p
f,n,b,w,w,e
f,f,n,p,w,p
f,f,n,w,w,p
f,n,b,w,w,e
f,n,b,o,y,e
f,n,b,w,w,e
f,s,n,w,w,p
f,f,n,w,w,p
f,s,n,w,w,p
f,n,b,w,w,e
f,s,n,p,w,p
f,n,b,o,y,e
f,n,b,w,w,e
f,m,b,c,w,p
f,n,b,w,w,e
f,y,n,w,w,p
f,n,b,o,b,e
f,n,b,w,w,e
f,n,b,o,y,e
f,n,b,w,w,e
f,f,n,w,w,p
f,y,n,p,w,p
f,n,b,o,o,e
f,y,n,p,w,p
f,y,n,w,w,p
f,y,n,p,w,p
f,s,n,w,w,p
f,n,b,o,y,e
f,n,b,w,w,e
f,n,b,o,o,e
f,s,n,p,w,p
f,s,n,w,w,p
f,y,n,p,w,p
f,y,n,p,w,p
f,n,b,o,n,e
f,y,n,w,w,p
f,n,b,o,o,e
f,y,n,w,w,p
f,n,b,w,w,e
f,f,n,w,w,p
f,f,n,p,w,p
f,n,b,w,w,e
f,y,n,p,w,p
f,n,b,w,w,e
f,f,n,p,w,p
f,f,n,p,w,p
f,n,b,w,w,e
f,s,n,w,w,p
f,m,b,c,w,p
f,n,b,w,w,e
f,y,n,w,w,p
f,s,n,p,w,p
f,y,n,w,w,p
f,n,b,w,w,e
f,n,b,w,w,e
f,s,n,w,w,p
f,n,b,w,w,e
f,f,n,p,w,p
f,y,n,p,w,p
f,n,b,w,w,e
f,y,n,p,w,p
f,n,b,w,w,e
f,y,n,p,w,p
f,n,b,w,w,e
f,n,b,o,n,e
f,s,n,w,w,p
f,f,n,p,w,p
f,n,b,w,w,e
f,m,b,c,w,p
f,y,n,p,w,p
f,f,n,w,w,p
f,y,n,p,w,p
f,f,n,w,w,p
f,n,b,o,b,e
f,f,n,p,w,p
f,n,b,n,w,e
f,n,b,w,w,e
f,y,n,w,w,p
f,n,n,y,w,p
f,y,n,p,w,p
f,s,n,p,w,p
f,s,n,p,w,p
f,n,b,o,n,e
t,n,b,w,w,e
f,n,b,w,w,e
f,s,n,p,w,p
f,s,n,w,w,p
f,s,n,w,w,p
f,n,b,w,w,e
f,n,b,o,o,e
f,y,n,w,w,p
f,f,n,p,w,p
f,n,b,w,w,e
f,y,n,w,w,p
f,n,b,w,w,e
f,y,n,w,w,p
f,s,n,w,w,p
f,n,b,w,w,e
f,n,b,w,w,e
f,f,n,w,w,p
f,f,n,w,w,p
f,s,n,p,w,p
f,n,b,w,w,e
f,f,n,p,w,p
f,y,n,p,w,p
f,f,n,p,w,p
f,m,b,c,w,p
f,f,n,w,w,p
f,n,b,o,y,e
f,f,n,p,w,p
f,n,b,o,y,e
f,n,b,w,w,e
f,n,b,w,w,e
f,s,n,w,w,p
f,y,n,w,w,p
f,f,n,p,w,p
f,y,n,p,w,p
f,n,b,w,w,e
f,n,b,w,w,e
f,m,b,c,w,p
f,f,n,w,w,p
f,f,n,p,w,p
f,y,n,w,w,p
f,s,n,p,w,p
f,s,n,p,w,p
f,m,b,c,w,p
f,s,n,p,w,p
f,n,b,w,w,e
f,y,n,w,w,p
f,n,b,w,w,e
f,f,n,w,w,p
f,y,n,p,w,p
f,n,b,w,w,e
f,n,b,w,w,e
f,y,n,w,w,p
f,n,b,o,y,e
t,n,b,w,w,e
f,n,b,w,w,e
f,s,n,p,w,p
f,f,n,w,w,p
f,f,n,p,w,p
f,n,b,w,w,e
f,n,b,w,w,e
t,n,b,w,w,e
f,n,b,w,w,e
f,y,n,p,w,p
f,y,n,w,w,p
f,y,n,w,w,p
f,f,n,w,w,p
f,n,b,o,o,e
f,n,n,y,w,p
f,m,b,c,w,p
f,y,n,w,w,p
t,n,b,w,w,e
f,s,n,p,w,p
f,n,b,w,w,e
f,n,b,w,w,e
f,f,n,p,w,p
f,n,b,o,b,e
f,n,b,o,b,e
t,n,b,w,w,e
f,n,b,w,w,e
f,y,n,p,w,p
f,f,n,w,w,p
f,s,n,p,w,p
f,y,n,w,w,p
f,f,n,p,w,p
f,y,n,w,w,p
f,n,b,w,w,e
f,m,b,c,w,p
f,y,n,w,w,p
f,n,b,o,y,e
f,f,n,p,w,p
f,n,b,w,w,e
f,n,b,w,w,e
f,s,n,w,w,p
f,y,n,p,w,p
f,f,n,w,w,p
f,f,n,p,w,p
f,s,n,w,w,p
f,y,n,w,w,p
f,n,b,w,w,e
f,y,n,p,w,p
f,n,b,w,w,e
f,n,n,y,w,p
f,s,n,w,w,p
f,y,n,p,w,p
f,n,b,w,w,e
f,n,b,o,y,e
f,y,n,p,w,p
f,n,b,o,n,e
f,y,n,p,w,p
f,f,n,p,w,p
f,y,n,w,w,p
f,n,b,w,w,e
f,n,b,o,n,e
f,n,b,o,n,e
f,f,n,w,w,p
t,n,b,w,w,e
f,n,b,w,w,e
f,s,n,p,w,p
f,n,b,w,w,e
f,f,n,w,w,p
f,y,n,p,w,p
f,s,n,p,w,p
t,n,b,w,w,e
f,f,n,w,w,p
f,f,n,p,w,p
f,n,b,o,b,e
f,f,n,p,w,p
f,y,n,w,w,p
f,y,n,p,w,p
f,s,n,w,w,p
f,f,n,p,w,p
f,s,n,p,w,p
f,n,b,o,o,e
f,s,n,w,w,p
f,n,b,w,w,e
f,s,n,p,w,p
f,y,n,p,w,p
f,n,b,o,o,e
f,s,n,p,w,p
f,n,b,w,w,e
f,n,b,o,o,e
f,s,n,p,w,p
f,s,n,w,w,p
t,n,b,w,w,e
f,n,b,w,w,e
f,n,b,w,w,e
f,n,b,o,b,e
f,s,n,w,w,p
f,y,n,w,w,p
f,n,b,n,w,e
f,n,b,w,w,e
f,f,n,w,w,p
f,f,n,p,w,p
f,f,n,w,w,p
f,f,n,w,w,p
f,n,b,o,b,e
f,f,n,w,w,p
f,s,n,p,w,p
f,f,n,w,w,p
f,n,b,o,y,e
f,n,b,w,w,e
f,s,n,w,w,p
f,f,n,w,w,p
f,n,b,w,w,e
f,s,n,w,w,p
f,s,n,w,w,p
f,y,n,w,w,p
f,n,b,o,o,e
f,n,b,w,w,e
f,m,b,c,w,p
f,f,n,p,w,p
f,f,n,p,w,p
f,y,n,w,w,p
f,f,n,w,w,p
f,s,n,p,w,p
f,s,n,p,w,p
f,y,n,p,w,p
f,s,n,w,w,p
f,y,n,p,w,p
f,n,b,w,w,e
f,m,b,c,w,p
t,n,b,w,w,e
f,y,n,p,w,p
f,n,n,y,w,p
f,s,n,w,w,p
f,m,b,c,w,p
f,n,b,w,w,e
f,y,n,p,w,p
f,s,n,w,w,p
f,y,n,p,w,p
f,n,b,o,y,e
f,s,n,p,w,p
f,f,n,p,w,p
f,s,n,w,w,p
f,s,n,p,w,p
f,s,n,w,w,p
f,s,n,p,w,p
f,y,n,p,w,p
f,n,b,w,w,e
f,n,b,w,w,e
f,n,b,w,w,e
f,s,n,p,w,p
f,f,n,w,w,p
f,y,n,p,w,p
f,f,n,p,w,p
f,y,n,p,w,p
f,f,n,w,w,p
f,y,n,w,w,p
f,y,n,w,w,p
f,s,n,w,w,p
f,n,b,o,o,e
f,s,n,w,w,p
f,s,n,p,w,p
f,n,b,w,w,e
f,n,b,w,w,e
f,s,n,w,w,p
f,n,b,o,o,e
f,s,n,w,w,p
f,s,n,p,w,p
f,s,n,w,w,p
f,s,n,p,w,p
f,f,n,p,w,p
f,n,b,o,b,e
f,n,b,o,n,e
f,n,b,w,w,e
f,y,n,p,w,p
f,n,b,o,n,e
f,s,n,p,w,p
f,n,b,w,w,e
f,n,b,w,w,e
f,s,n,w,w,p
f,n,b,o,b,e
f,n,b,w,w,e
f,n,b,n,w,e
f,n,b,w,w,e
f,n,b,w,w,e
f,m,b,c,w,p
f,n,b,o,y,e
f,y,n,p,w,p
f,s,n,p,w,p
f,n,b,w,w,e
f,n,b,w,w,e
f,n,b,w,w,e
f,n,b,o,b,e
f,f,n,p,w,p
f,s,n,p,w,p
f,s,n,p,w,p
f,n,b,o,n,e
t,n,b,w,w,e
f,f,n,w,w,p
f,n,b,w,w,e
f,y,n,w,w,p
f,n,b,w,w,e
f,s,n,p,w,p
f,s,n,p,w,p
f,n,b,o,b,e
f,y,n,w,w,p
f,f,n,p,w,p
f,n,b,o,y,e
f,n,b,w,w,e
f,n,b,w,w,e
f,n,b,o,b,e
f,y,n,p,w,p
f,y,n,w,w,p
f,n,b,w,w,e
f,y,n,p,w,p
f,n,b,w,w,e
f,s,n,p,w,p
f,f,n,w,w,p
f,s,n,w,w,p
f,n,b,n,w,e
f,y,n,w,w,p
f,y,n,w,w,p
f,n,b,w,w,e
f,s,n,p,w,p
f,f,n,w,w,p
f,n,b,w,w,e
f,f,n,p,w,p
f,y,n,w,w,p
f,s,n,p,w,p
f,y,n,p,w,p
f,n,b,w,w,e
f,y,n,p,w,p
f,s,n,p,w,p
f,n,b,w,w,e
f,n,b,w,w,e
f,n,b,w,w,e
f,s,n,p,w,p
f,y,n,w,w,p
f,y,n,w,w,p
f,n,b,w,w,e
f,f,n,p,w,p
f,s,n,w,w,p
f,n,b,w,w,e
f,y,n,p,w,p
f,f,n,w,w,p
f,s,n,p,w,p
t,n,b,w,w,e
f,f,n,w,w,p
f,f,n,p,w,p
f,n,n,y,w,p
f,f,n,w,w,p
t,n,b,w,w,e
f,f,n,p,w,p
f,n,b,w,w,e
f,s,n,p,w,p
f,f,n,p,w,p
f,y,n,w,w,p
f,y,n,w,w,p
f,n,b,w,w,e
f,n,b,w,w,e
f,s,n,w,w,p
f,n,b,o,n,e
f,y,n,p,w,p
f,y,n,p,w,p
f,n,b,w,w,e
f,y,n,p,w,p
f,n,b,o,o,e
f,y,n,p,w,p
f,y,n,w,w,p
f,y,n,w,w,p
f,y,n,p,w,p
f,n,b,w,w,e
f,n,b,w,w,e
f,y,n,p,w,p
f,f,n,p,w,p
f,n,b,w,w,e
f,n,b,o,b,e
f,s,n,w,w,p
f,s,n,w,w,p
f,n,b,o,b,e
f,n,b,w,w,e
f,n,b,w,w,e
f,y,n,p,w,p
f,f,n,w,w,p
f,m,b,c,w,p
f,n,b,o,y,e
f,f,n,p,w,p
f,s,n,p,w,p
f,s,n,p,w,p
f,n,b,w,w,e
f,n,b,w,w,e
f,n,b,w,w,e
f,n,b,w,w,e
f,n,b,w,w,e
f,s,n,p,w,p
f,s,n,p,w,p
f,s,n,p,w,p
f,f,n,p,w,p
f,n,b,w,w,e
f,n,b,w,w,e
f,n,b,w,w,e
f,n,b,o,b,e
f,s,n,p,w,p
f,f,n,w,w,p
f,y,n,w,w,p
f,y,n,w,w,p
f,f,n,p,w,p
f,n,b,o,o,e
f,n,b,w,w,e
f,y,n,w,w,p
f,y,n,w,w,p
f,n,b,w,w,e
f,s,n,p,w,p
f,n,b,o,y,e
f,n,b,o,n,e
f,s,n,p,w,p
f,s,n,p,w,p
f,s,n,p,w,p
f,s,n,w,w,p
f,f,n,p,w,p
f,n,b,w,w,e
f,f,n,w,w,p
t,n,b,w,w,e
f,n,b,o,n,e
f,y,n,w,w,p
f,f,n,p,w,p
f,f,n,w,w,p
f,n,b,w,w,e
f,s,n,w,w,p
f,n,b,w,w,e
f,f,n,p,w,p
f,n,b,w,w,e
f,f,n,w,w,p
f,s,n,p,w,p
f,n,b,w,w,e
f,f,n,w,w,p
f,s,n,w,w,p
f,n,b,o,o,e
f,n,b,o,n,e
f,y,n,p,w,p
f,s,n,w,w,p
f,n,b,o,n,e
f,y,n,p,w,p
f,f,n,w,w,p
f,s,n,p,w,p
f,f,n,p,w,p
f,f,n,w,w,p
f,n,b,w,w,e
f,n,b,o,n,e
f,s,n,p,w,p
f,n,b,o,b,e
f,n,b,n,w,e
f,y,n,w,w,p
t,n,b,w,w,e
t,n,b,w,w,e
f,n,n,y,w,p
f,f,n,p,w,p
f,f,n,w,w,p
f,m,b,c,w,p
f,n,b,o,o,e
f,s,n,p,w,p
f,n,b,w,w,e
f,f,n,w,w,p
f,m,b,c,w,p
f,s,n,p,w,p
f,n,b,o,b,e
f,n,b,n,w,e
f,s,n,p,w,p
f,y,n,p,w,p
f,n,b,w,w,e
t,n,b,w,w,e
f,s,n,p,w,p
f,n,b,o,y,e
f,n,b,w,w,e
f,n,b,w,w,e
f,y,n,p,w,p
f,m,b,c,w,p
f,s,n,w,w,p
f,n,b,o,b,e
f,f,n,w,w,p
f,s,n,p,w,p
f,y,n,p,w,p
f,s,n,w,w,p
f,f,n,p,w,p
f,f,n,p,w,p
f,n,b,w,w,e
f,n,b,o,y,e
f,s,n,w,w,p
f,n,n,y,w,p
f,n,b,w,w,e
f,n,b,o,y,e
f,s,n,p,w,p
f,n,b,w,w,e
f,n,b,w,w,e
f,n,b,o,b,e
f,n,b,w,w,e
f,n,b,w,w,e
f,n,b,w,w,e
f,n,b,w,w,e
f,f,n,p,w,p
f,s,n,w,w,p
f,n,b,w,w,e
f,n,b,w,w,e
f,f,n,p,w,p
f,s,n,w,w,p
f,f,n,p,w,p
f,f,n,w,w,p
f,s,n,w,w,p
f,n,b,o,n,e
f,s,n,w,w,p
f,n,b,w,w,e
f,n,b,o,y,e
f,n,b,w,w,e
f,s,n,p,w,p
f,n,b,o,n,e
f,f,n,w,w,p
f,f,n,p,w,p
f,s,n,w,w,p
f,n,b,w,w,e
f,f,n,w,w,p
f,s,n,w,w,p
f,n,b,w,w,e
f,y,n,p,w,p
f,y,n,w,w,p
f,f,n,p,w,p
f,n,b,w,w,e
f,n,b,w,w,e
f,s,n,w,w,p
f,n,b,n,w,e
f,y,n,w,w,p
f,s,n,w,w,p
f,n,b,o,o,e
f,n,b,w,w,e
f,f,n,p,w,p
f,s,n,w,w,p
f,f,n,p,w,p
f,f,n,p,w,p
f,n,b,o,y,e
f,y,n,w,w,p
f,n,b,w,w,e
f,n,b,o,b,e
f,s,n,p,w,p
f,y,n,w,w,p
f,s,n,p,w,p
f,n,b,w,w,e
f,y,n,p,w,p
f,n,b,w,w,e
f,s,n,p,w,p
f,s,n,w,w,p
f,s,n,w,w,p
f,m,b,c,w,p
f,s,n,p,w,p
f,n,b,w,w,e
f,y,n,w,w,p
f,m,b,c,w,p
f,y,n,w,w,p
f,n,b,o,b,e
f,s,n,p,w,p
f,n,b,w,w,e
f,n,b,w,w,e
f,n,b,o,y,e
f,s,n,w,w,p
f,n,b,o,o,e
f,n,b,w,w,e
f,s,n,w,w,p
f,y,n,w,w,p
f,n,b,w,w,e
f,n,b,w,w,e
f,f,n,p,w,p
f,m,b,c,w,p
f,f,n,w,w,p
f,f,n,w,w,p
f,n,b,w,w,e
f,f,n,w,w,p
f,n,b,o,b,e
f,s,n,w,w,p
f,s,n,w,w,p
f,n,b,o,y,e
f,n,b,o,n,e
f,n,b,w,w,e
f,n,b,o,y,e
f,y,n,p,w,p
f,n,b,o,b,e
f,n,b,o,n,e
f,y,n,w,w,p
f,n,b,o,n,e
f,f,n,w,w,p
f,n,b,w,w,e
f,y,n,w,w,p
f,n,b,o,b,e
f,s,n,w,w,p
f,n,b,w,w,e
f,n,b,w,w,e
f,n,b,o,b,e
f,n,b,o,b,e
f,y,n,w,w,p
f,n,b,w,w,e
f,f,n,w,w,p
f,s,n,p,w,p
f,f,n,p,w,p
f,f,n,p,w,p
f,s,n,w,w,p
f,s,n,p,w,p
f,n,b,w,w,e
f,s,n,p,w,p
f,y,n,w,w,p
f,s,n,w,w,p
f,n,b,w,w,e
f,n,b,o,o,e
f,n,b,w,w,e
f,f,n,w,w,p
f,f,n,w,w,p
f,s,n,w,w,p
f,f,n,w,w,p
f,f,n,p,w,p
f,n,b,o,b,e
f,n,b,w,w,e
f,f,n,w,w,p
f,f,n,p,w,p
f,n,b,w,w,e
f,n,b,o,b,e
f,n,b,w,w,e
f,s,n,p,w,p
f,f,n,w,w,p
f,y,n,p,w,p
f,y,n,p,w,p
f,s,n,p,w,p
f,n,b,o,n,e
f,f,n,w,w,p
f,s,n,w,w,p
f,f,n,p,w,p
f,n,b,w,w,e
f,y,n,w,w,p
f,y,n,p,w,p
f,f,n,w,w,p
f,n,b,o,b,e
f,n,b,n,w,e
f,s,n,p,w,p
f,s,n,p,w,p
f,n,b,w,w,e
f,s,n,w,w,p
f,y,n,w,w,p
f,n,b,o,n,e
f,n,b,w,w,e
f,n,b,w,w,e
f,y,n,p,w,p
f,s,n,w,w,p
t,n,b,w,w,e
f,y,n,p,w,p
f,n,b,w,w,e
f,s,n,p,w,p
f,y,n,p,w,p
f,f,n,p,w,p
f,n,b,w,w,e
f,n,b,o,n,e
f,f,n,p,w,p
f,n,b,w,w,e
f,f,n,w,w,p
f,n,b,w,w,e
f,m,b,c,w,p
f,n,b,o,o,e
f,n,b,w,w,e
f,n,b,o,o,e
f,f,n,p,w,p
f,n,b,o,o,e
f,n,b,w,w,e
f,f,n,w,w,p
f,n,b,w,w,e
t,n,b,w,w,e
f,f,n,p,w,p
f,n,b,w,w,e
f,n,b,o,y,e
f,f,n,p,w,p
f,y,n,w,w,p
f,s,n,w,w,p
f,s,n,p,w,p
f,n,b,o,o,e
f,s,n,w,w,p
f,n,b,w,w,e
f,f,n,p,w,p
f,n,b,n,w,e
f,s,n,p,w,p
f,n,b,w,w,e
f,f,n,p,w,p
f,y,n,w,w,p
f,f,n,w,w,p
f,n,b,o,o,e
f,n,b,w,w,e
f,n,b,o,o,e
t,n,b,w,w,e
f,m,b,c,w,p
f,y,n,w,w,p
f,f,n,p,w,p
f,n,b,o,y,e
f,n,b,o,o,e
t,n,b,w,w,e
f,s,n,w,w,p
f,y,n,p,w,p
f,s,n,p,w,p
f,y,n,w,w,p
f,f,n,w,w,p
t,n,b,w,w,e
f,n,b,o,n,e
f,n,b,w,w,e
f,n,b,w,w,e
f,n,b,o,o,e
f,n,b,o,o,e
f,n,b,w,w,e
f,f,n,w,w,p
f,n,b,w,w,e
f,y,n,w,w,p
f,y,n,w,w,p
f,f,n,w,w,p
f,n,b,o,y,e
t,n,b,w,w,e
f,n,b,w,w,e
f,f,n,w,w,p
f,f,n,p,w,p
f,y,n,p,w,p
f,n,b,o,y,e
f,n,b,o,n,e
f,n,b,w,w,e
f,f,n,p,w,p
f,n,b,w,w,e
f,n,b,w,w,e
f,n,b,w,w,e
f,n,b,o,o,e
f,s,n,p,w,p
f,n,b,o,o,e
f,f,n,w,w,p
f,m,b,c,w,p
f,y,n,p,w,p
f,n,b,w,w,e
f,n,b,n,w,e
f,n,b,o,y,e
f,n,b,n,w,e
f,f,n,p,w,p
f,n,b,o,b,e
f,y,n,w,w,p
f,f,n,p,w,p
f,n,b,w,w,e
f,f,n,w,w,p
f,n,b,w,w,e
f,n,b,o,o,e
f,y,n,w,w,p
f,n,b,o,y,e
f,y,n,p,w,p
f,s,n,p,w,p
f,n,b,o,n,e
f,n,b,o,n,e
f,n,b,n,w,e
f,n,b,w,w,e
f,n,b,o,o,e
f,f,n,w,w,p
f,s,n,w,w,p
f,y,n,w,w,p
f,f,n,p,w,p
f,f,n,p,w,p
f,n,b,o,n,e
f,n,b,o,y,e
f,n,b,o,y,e
f,s,n,w,w,p
f,n,b,o,b,e
f,n,b,w,w,e
f,n,b,w,w,e
f,s,n,p,w,p
f,n,b,w,w,e
f,n,b,w,w,e
f,n,b,w,w,e
f,y,n,p,w,p
f,y,n,p,w,p
f,y,n,p,w,p
f,y,n,w,w,p
f,f,n,p,w,p
f,n,b,o,y,e
f,n,b,o,n,e
f,f,n,p,w,p
f,f,n,p,w,p
f,n,b,w,w,e
f,n,b,w,w,e
f,f,n,p,w,p
f,f,n,w,w,p
f,f,n,p,w,p
f,n,b,o,b,e
f,n,b,w,w,e
f,n,b,o,b,e
f,y,n,p,w,p
t,n,b,w,w,e
f,f,n,w,w,p
f,n,b,o,y,e
f,y,n,p,w,p
f,n,b,o,b,e
f,n,b,o,b,e
f,n,b,o,y,e
f,y,n,w,w,p
f,n,b,w,w,e
f,y,n,p,w,p
f,y,n,w,w,p
f,f,n,w,w,p
f,s,n,w,w,p
f,n,b,w,w,e
f,n,b,o,o,e
f,f,n,w,w,p
f,n,b,o,n,e
f,n,b,w,w,e
f,n,b,o,y,e
f,n,b,o,o,e
f,s,n,w,w,p
f,f,n,w,w,p
f,s,n,p,w,p
f,s,n,p,w,p
f,y,n,p,w,p
f,n,b,w,w,e
f,f,n,p,w,p
f,n,b,o,b,e
f,f,n,w,w,p
f,n,b,o,b,e
f,n,b,o,b,e
f,n,b,o,n,e
f,s,n,w,w,p
f,n,b,o,y,e
f,f,n,w,w,p
f,n,b,o,y,e
f,n,b,w,w,e
f,n,b,o,o,e
f,n,b,o,y,e
f,n,b,o,o,e
f,n,b,w,w,e
f,f,n,w,w,p
f,s,n,p,w,p
f,f,n,w,w,p
f,s,n,p,w,p
f,y,n,w,w,p
f,n,b,w,w,e
f,n,b,w,w,e
f,n,b,o,o,e
f,f,n,w,w,p
f,n,b,o,n,e
f,f,n,w,w,p
f,f,n,p,w,p
f,f,n,w,w,p
f,y,n,p,w,p
f,y,n,w,w,p
f,n,b,w,w,e
f,m,b,c,w,p
f,n,b,w,w,e
f,s,n,p,w,p
f,y,n,w,w,p
f,n,b,w,w,e
f,n,b,o,b,e
f,s,n,p,w,p
f,n,b,o,n,e
f,n,b,o,o,e
f,n,b,o,n,e
f,n,b,o,y,e
f,n,b,o,n,e
f,n,b,o,n,e
f,y,n,p,w,p
f,n,b,w,w,e
f,n,b,o,n,e
f,n,b,w,w,e
f,n,b,o,b,e
f,y,n,p,w,p
f,m,b,c,w,p
f,n,b,o,o,e
f,s,n,p,w,p
f,y,n,p,w,p
f,f,n,p,w,p
f,n,b,o,b,e
f,n,b,o,b,e
f,n,b,o,b,e
f,y,n,w,w,p
f,n,b,o,o,e
